A	O
64-year-old	O
African	O
American	O
male	O
with	O
unknown	O
past	O
medical	O
history	O
arrived	O
in	O
the	O
trauma	B-PI
bay	O
following	O
a	O
motor	O
vehicle	O
accident	O
.	O
On	O
initial	O
evaluation	B-GOAL
the	O
patient	O
was	O
alert	O
but	O
somewhat	O
confused	O
and	O
had	O
a	O
Glasgow	O
Coma	O
Scale	O
(GCS)	O
of	O
13	O
Focused	O
Assessment	O
with	O
Sonography	B-IM
in	O
Trauma	B-PI
(FAST)	B-IM
exam	O
was	O
performed	O
immediately	O
following	O
the	O
primary	O
survey	O
and	O
found	O
to	O
be	O
positive	O
in	O
the	O
hepatorenal	B-PI
space	O
.	O
The	O
patient	O
was	O
hemodynamically	O
stable	O
and	O
was	O
taken	O
for	O
further	O
imaging	B-GOAL
including	O
CT	B-IM
of	O
the	O
head	O
cervical	O
sB-pine	O
chest	O
abdomen	O
and	O
pelvis	O
that	O
revealed	O
multiple	O
injuries	B-PI
including	O
subarachnoid	O
hemorrhage	B-PI
anterior	O
left	O
3rd–8th	O
rib	O
fractures	B-PI
right	O
posterior	O
1st–3rd	O
rib	O
fractures	B-PI
peri-hepatic	O
and	O
peri-splenic	O
hematomas	B-PI
and	O
a	O
left	O
lower	O
quadrant	O
mesenteric	O
hematoma	B-PI
with	O
active	O
extravasation	B-PI
.	O
The	O
patient	O
was	O
admitted	O
to	O
the	O
ICU	O
and	O
underwent	O
conservative	O
man-agement	O
of	O
mesenteric	O
peri-hepatic	O
and	O
peri-splenic	O
hematomas	B-PI
	O
.	O
On	O
hosB-pital	O
day	O
6	O
the	O
patient's	O
mental	O
status	O
began	O
to	O
deteriorate	B-PI
prompting	O
an	O
immediate	O
CT	B-IM
of	O
his	O
head	O
and	O
EEG	O
which	O
were	O
both	O
negative	O
.	O
A	O
repeat	O
CT	B-IM
abdomen	O
and	O
pelvis	O
study	O
was	O
not	O
ordered	O
at	O
this	O
time	O
.	O
The	O
patient	O
was	O
thought	O
to	O
be	O
experiencing	O
post-traumatic	O
encephalopathy	B-PI
and	O
eventually	O
declined	B-PI
to	O
GCS	O
3T	O
.	O
After	O
discussion	O
with	O
family	O
the	O
decision	O
was	O
made	O
to	O
perform	O
tracheostomy	B-SurgicalProcedure
and	O
laparoscoB-pic	O
gastrostomy	B-SurgicalProcedure
tube	O
placement	O
.	O
The	O
patient	O
was	O
prepped	O
and	O
draped	O
in	O
usual	O
sterile	B-SurgicalPreparation
fashion	O
and	O
the	O
tracheostomy	B-SurgicalProcedure
was	O
performed	O
first	O
.	O
We	O
then	O
turned	O
our	O
attention	O
to	O
the	O
patient's	O
abdomen	O
for	O
laparoscoB-pic	O
gastrostomy	B-SurgicalProcedure
tube	O
placement	O
.	O
We	O
began	O
by	O
gaining	O
access	O
to	O
the	O
abdomen	O
with	O
a	O
Veress	O
needle	O
through	O
Palmer's	O
point	O
	O
.	O
The	O
abdomen	O
was	O
insufflated	O
to	O
15	O
mmHg	O
.	O
The	O
patient	O
then	O
developed	O
significant	O
hypotension	B-PI
without	O
a	O
decrease	O
in	O
end	O
tidal	O
carbon	O
dioxide	O
.	O
We	O
partially	O
evacuated	O
the	O
capnoperitoneum	O
with	O
no	O
improvement	O
in	O
hemodynamic	O
status	O
.	O
At	O
this	O
point	O
we	O
raB-pidly	O
inserted	O
the	O
laparoscope	O
which	O
showed	O
widespread	O
hemoperitoneum	B-PI
	O
.	O
We	O
were	O
unable	O
to	O
identify	O
the	O
source	O
laparoscoB-pically	O
and	O
elected	O
to	O
convert	O
to	O
an	O
open	O
procedure	O
.	O
Upon	O
opening	O
the	O
abdomen	O
we	O
were	O
easily	O
able	O
to	O
identify	O
an	O
active	O
splenic	O
hemorrhage	B-PI
the	O
splenic	O
capsule	O
was	O
not	O
specifically	O
noted	O
at	O
this	O
time	O
.	O
The	O
spleen	O
was	O
raB-pidly	O
medialized	O
and	O
the	O
hilum	O
was	O
controlled	O
manually	O
with	O
an	O
immediate	O
improvement	O
in	O
blood	O
pressure	O
.	O
The	O
spleen	O
was	O
removed	O
using	O
a	O
GIA	O
stapler	O
and	O
the	O
remainder	O
of	O
the	O
abdomen	O
was	O
inspected	O
with	O
no	O
further	O
injury	B-PI
noted	O
.	O
The	O
patient	O
was	O
transfused	O
two	O
units	O
of	O
packed	O
red	O
blood	O
cells	O
and	O
taken	O
to	O
the	O
surgical	O
intensive	O
care	O
unit	O
.	O
The	O
patient	O
recovered	O
and	O
was	O
ultimately	O
discharged	O
16	O
days	O
later	O
.	O
Pathology	O
report	O
of	O
the	O
spleen	O
described	O
a	O
“capsular	O
laceration	O
with	O
focal	O
parenchymal	B-PI
hemorrhage”B-PI	O
—	O
this	O
is	O
approximated	O
as	O
a	O
grade	O
1	O
splenic	O
injury	B-PI
according	O
to	O
the	O
AAST-OIS	O
splenic	O
injury	B-PI
scale	O
.	O
A	O
27-year-old	O
elite-level	O
rugby	O
union	O
player	O
was	O
participating	O
in	O
an	O
international	O
test	O
match	O
and	O
sustained	O
a	O
blow	O
to	O
his	O
head	O
from	O
another	O
player's	O
knee	O
.	O
There	O
was	O
no	O
loss	B-PI
of	O
consciousness	O
or	O
memory	O
loss	B-PI
although	O
immediately	O
after	O
impact	O
the	O
patient	O
reported	O
feeling	O
confused	O
which	O
resolved	O
over	O
several	O
seconds	O
.	O
He	O
continued	O
playing	O
for	O
an	O
additional	O
15	O
min	O
before	O
alerting	O
the	O
head	O
team	O
physician	O
(MRS)	O
and	O
match	O
day	O
doctor	O
(JSA)	O
about	O
vision	O
changes	O
in	O
his	O
right	O
eye	O
and	O
stating	O
his	O
left	O
leg	O
was	O
“not	O
responding	O
properly”	O
.	O
Upon	O
sideline	O
evaluation	B-GOAL
his	O
neurologic	O
exam	O
was	O
normal	O
desB-pite	O
the	O
patient's	O
subjective	O
complaints	O
.	O
However	O
his	O
complaint	O
of	O
neurological	O
deﬁcits	O
prompted	O
immediate	O
application	B-GOAL
of	O
a	O
cervical	O
collar	O
and	O
transport	O
to	O
the	O
nearest	O
Level	O
1	O
trauma	B-PI
center	O
for	O
further	O
evaluation	B-GOAL
	O
.	O
The	O
decision	O
for	O
transport	O
was	O
based	O
on	O
his	O
subjective	O
neurological	O
symptoms	O
after	O
a	O
direct	O
blow	O
to	O
the	O
head	O
desB-pite	O
a	O
normal	O
examination	B-GOAL
	O
.	O
Upon	O
arrival	O
to	O
the	O
emergency	O
department	O
the	O
player	O
was	O
hemodynamically	O
stable	O
with	O
a	O
Glasgow	O
Coma	O
Scale	O
(GCS)	O
of	O
15	O
No	O
other	O
injuries	B-PI
were	O
identiﬁed	O
.	O
His	O
medical	O
history	O
included	O
three	O
documented	O
head	O
concussions	O
that	O
all	O
responded	O
to	O
conservative	O
measures	O
with	O
no	O
prolonged	O
symptoms	O
he	O
had	O
no	O
other	O
known	O
head	O
trauma	B-PI
.	O
Additional	O
history	O
was	O
relevant	O
for	O
minor	O
musculoskeletal	O
trauma	B-PI
including	O
an	O
acromioclavicular	O
separation	O
but	O
no	O
other	O
medical	O
conditions	O
or	O
co-morbidities	O
.	O
On	O
exam	O
the	O
player	O
could	O
accurately	O
recall	O
the	O
event	O
.	O
The	O
neurological	O
motor	O
exam	O
was	O
unremarkable	O
in	O
all	O
four	O
extremities	O
including	O
his	O
left	O
lower	O
extremity	O
.	O
He	O
had	O
intact	O
sensation	O
to	O
light	O
touch	O
in	O
his	O
upper	O
and	O
lower	O
extremities	O
.	O
PuB-pils	O
were	O
equal	O
round	O
and	O
reactive	O
to	O
light	O
.	O
Extraocular	O
movements	O
and	O
cranial	O
nerves	O
II-XII	O
were	O
intact	O
.	O
Emergent	O
CT	B-IM
scan	O
without	O
contrast	O
identiﬁed	O
a	O
crescent	O
shaped	O
extra-axial	O
ﬂuid	O
collection	O
consistent	O
with	O
a	O
subdural	O
hematoma	B-PI
and	O
10	O
mm	O
midline	O
shift	O
.	O
The	O
posterior	O
and	O
temporal	O
horn	O
of	O
the	O
right	O
ventricle	O
were	O
nearly	O
completely	O
effaced	O
.	O
The	O
posterior	O
aspect	O
of	O
the	O
hematoma	B-PI
was	O
hyperdense	B-PI
consistent	O
with	O
an	O
acute	O
bleed	O
while	O
the	O
anterior	O
half	O
appeared	O
isodense	O
with	O
the	O
cerebral	O
cortex	O
.	O
The	O
heterogeneous	O
density	O
likely	O
represents	O
unclotted	O
blood	O
anteriorly	O
but	O
could	O
also	O
reﬂect	O
acute	O
on	O
chronic	O
bleeding	O
or	O
cerebrosB-pinal	O
ﬂuid	O
extravasation	B-PI
into	O
the	O
subarachnoid	O
space	O
due	O
to	O
an	O
arachnoid	O
laceration	O
.	O
There	O
were	O
no	O
additional	O
lesions	B-PI
noted	O
.	O
The	O
hosB-pital's	O
neurosurgeon	O
was	O
immediately	O
contacted	O
and	O
the	O
player	O
underwent	O
an	O
emergent	O
right	O
frontoparietal	O
craniotomy	B-SurgicalProcedure
and	O
hematoma	B-PI
evacuation	O
.	O
The	O
patient's	O
rehabilitation	O
course	O
included	O
inpatient	O
and	O
outpatient	O
physical	O
therapy	B-GOAL
ultimately	O
making	O
a	O
full	O
recovery	O
without	O
any	O
neurological	O
or	O
cognitive	O
deﬁcits	O
.	O
He	O
subsequently	O
retired	O
from	O
competitive	O
rugby	O
and	O
has	O
become	O
a	O
coach	O
for	O
a	O
professional	O
rugby	O
club	O
.	O
A	O
15-year-old	O
woman	O
was	O
diagnosed	O
with	O
osteogenesis	B-PI
imperfecta	O
(Sillence	O
Type	O
I)	O
at	O
a	O
regional	O
reference	O
pediatric	O
hosB-pital	O
.	O
Although	O
a	O
genetic	O
characterization	O
of	O
the	O
disease	O
is	O
currently	O
underway	O
and	O
the	O
patient	O
never	O
underwent	O
a	O
bone	O
density	O
test	O
she	O
expresses	O
the	O
same	O
phenotyB-pic	O
traits	O
as	O
her	O
mother	O
who	O
suﬀers	O
from	O
autosomal	O
dominant	O
OI	O
.	O
Following	O
a	O
fall	O
from	O
a	O
chair	O
during	O
an	O
eB-pileptic	O
seizure	O
the	O
young	O
patient	O
came	O
to	O
our	O
observation	B-GOAL
.	O
Medical	O
history	O
did	O
not	O
predict	O
any	O
other	O
fractures	B-PI
She	O
was	O
not	O
taking	O
bisphosphonates	O
before	O
the	O
injury	B-PI
but	O
she	O
was	O
taking	O
valproic	O
acid	O
for	O
eB-pilepsy	O
.	O
On	O
physical	O
examination	B-GOAL
the	O
patient	O
had	O
blue	O
sclera	B-PI
bilateral	O
ipoacusia	B-PI
inability	B-PI
to	O
ambulate	O
and	O
absolute	O
impossibility	O
to	O
active	O
and	O
passive	O
motion	O
of	O
both	O
hips	O
due	O
to	O
pain	B-PI
	O
.	O
The	O
imaging	B-GOAL
showed	O
acetabular	O
fractures	B-PI
which	O
were	O
classiﬁed	O
as	O
associated	O
both-column	O
fractures	B-PI
with	O
protrusio	O
acetabuli	O
.	O
Three	O
dimensional	O
reconstructed	O
computed	O
tomography	O
(CT)	B-IM
examination	B-GOAL
revealed	O
a	O
greater	O
degree	O
of	O
comminution	B-PI
and	O
displacement	B-PI
than	O
could	O
be	O
appreciated	O
on	O
the	O
plain	O
radiographs	B-IM
.	O
Once	O
informed	O
consent	O
was	O
obtained	O
from	O
the	O
patient	O
and	O
her	O
parents	O
the	O
preoperative	O
preparation	O
by	O
the	O
orthopaedic	O
and	O
anaesthesia	O
team	O
consisted	O
in	O
tyB-ping	O
and	O
cross	O
matching	O
eight	O
units	O
of	O
packed	O
red	O
blood	O
cells	O
fresh	O
frozen	O
plasma	O
cryopreciB-pitate	B-SurgicalPreparation
desmopressin	O
and	O
interoperative	O
cell	O
salvage	O
capability	O
available	O
for	O
the	O
operation	O
	O
.	O
On	O
the	O
ﬁfth	O
post-trauma	B-PI
day	O
considering	O
the	O
young	O
age	O
of	O
the	O
patient	O
the	O
comorbidities	O
and	O
the	O
operative	O
duration	O
we	O
opted	O
for	O
the	O
ﬁxation	O
of	O
the	O
acetabula	O
in	O
two	O
surgical	O
steps	O
.	O
At	O
ﬁrst	O
we	O
performed	O
ORIF	B-SurgicalProcedure
of	O
bilateral	O
posterior	O
columns	O
via	O
Iselin	O
approach	O
.	O
A	O
pelvic	O
reconstruction	B-GOAL
plate	O
was	O
shaped	O
and	O
positioned	O
along	O
the	O
perimeter	O
of	O
the	O
pelvis	O
until	O
its	O
ﬁxation	O
.	O
The	O
patient	O
was	O
extremely	O
osteopenic	B-PI
bones	O
were	O
very	O
fragile	O
and	O
the	O
reduction	B-GOAL
obtained	O
from	O
the	O
fracture	B-PI
was	O
the	O
best	O
possible	O
given	O
the	O
starting	O
conditions	O
.	O
Since	O
on	O
the	O
right	O
side	O
the	O
posterior	O
synthesis	O
alone	O
appeared	O
insufficient	O
to	O
guarantee	O
a	O
lasting	O
reduction	B-GOAL
of	O
the	O
femoral	O
head	O
in	O
the	O
acetabulum	O
we	O
drilled	O
a	O
Kirschner	O
wire	O
to	O
provide	O
stable	O
ﬁxation	O
and	O
to	O
avoid	O
possible	O
future	O
dislocations	B-PI
.	O
The	O
second	O
surgical	O
step	O
was	O
performed	O
on	O
post-injury	O
day	O
ten	O
via	O
a	O
bilateral	O
modiﬁed	O
Stoppa	B-SurgicalProcedure
approach	O
and	O
augmented	O
by	O
creating	O
the	O
lateral	O
window	O
of	O
the	O
ilioinguinal	O
approach	O
[5]	O
.	O
Bilaterally	O
there	O
were	O
multiple	O
devitalised	O
free-ﬂoating	O
articular	O
fragments	O
medial	O
to	O
the	O
quadrilateral	O
surface	O
that	O
were	O
deemed	O
no-reconstructible	O
.	O
Two	O
dedicated	O
suprapectineal	O
plate	O
were	O
applied	B-GOAL
to	O
reconstruct	O
anterior	O
column	O
and	O
quadrilateral	O
lamina	O
of	O
both	O
hips	O
.	O
The	O
post-operative	O
period	O
was	O
uneventful	O
hemoglobin	O
never	O
fell	O
below	O
10	O
mg/dl	O
and	O
intraoperatively	O
the	O
blood	O
loss	B-PI
was	O
less	O
than	O
400	O
cl	O
and	O
no	O
blood	O
transfusion	B-GOAL
was	O
necessary	O
.	O
She	O
was	O
mobilized	B-GOAL
on	O
crutches	O
with	O
touch	O
weight-bearing	O
for	O
six	O
weeks	O
and	O
partial	O
weight-bearing	O
for	O
another	O
six	O
weeks	O
.	O
After	O
three	O
weeks	O
the	O
patient	O
was	O
discharged	O
to	O
home	O
therapy	B-GOAL
with	O
bisphosphonates	O
and	O
referred	O
to	O
a	O
specialist	O
center	O
for	O
OI	O
disease	O
.	O
We	O
followed	O
the	O
patient	O
weekly	O
for	O
one	O
month	O
then	O
monthly	O
until	O
the	O
sixth	O
month	O
with	O
radiographic	B-IM
control	O
at	O
30	O
60	O
and	O
120	O
days	O
.	O
The	O
hips	O
function	O
was	O
evaluated	O
with	O
Harris	O
Hip	O
Score	O
(HHS)	O
with	O
result	O
of	O
45/100	O
at	O
the	O
ﬁnal	O
follow-up	O
.	O
The	O
Numeric	O
Pain	B-PI
Rating	O
Scale	O
(NPRS)	O
a	O
segmented	O
numeric	O
version	O
of	O
the	O
visual	O
analog	O
scale	O
(VAS)	O
used	O
to	O
assess	O
pain	B-PI
intensity	O
reported	O
a	O
score	O
of	O
5/10	O
(moderate	O
pain)	O
at	O
the	O
ﬁnal	O
follow-up	O
.	O
The	O
last	O
radiographic	B-IM
examination	B-GOAL
showed	O
an	O
adequate	O
reduction	B-GOAL
of	O
the	O
fracture	B-PI
and	O
a	O
satisfactory	O
wall	O
and	O
bone	O
stock	O
for	O
a	O
subsequent	O
prosthesis:	O
the	O
patient	O
developed	O
a	O
bilateral	O
post-traumatic	O
arthrosis	O
with	O
heterotoB-pic	O
calciﬁcations	O
tyB-pical	O
of	O
the	O
underlying	O
disease	O
.	O
A	O
16-year-old	O
male	O
unrestrained	O
backseat	O
passenger	O
was	O
brought	O
to	O
our	O
trauma	B-PI
bay	O
after	O
a	O
high-speed	O
motor	O
vehicle	O
collision	O
with	O
a	O
rollover	O
.	O
He	O
suffered	O
multiple	O
injuries	B-PI
including	O
TBI	O
complex	O
pelvic	O
fractures	B-PI
spleen	O
liver	O
and	O
renal	O
injuries	B-PI
and	O
left	O
diaphragmatic	O
rupture	B-PI
	O
.	O
His	O
initial	O
chest	O
X-ray	B-IM
revealed	O
his	O
stomach	O
herniating	B-PI
inside	O
his	O
left	O
chest	O
.	O
He	O
underwent	O
immediate	O
laparotomy	B-SurgicalProcedure
and	O
repair	B-GOAL
of	O
his	O
left	O
diaphragm	O
.	O
Intraoperatively	O
the	O
surgeon	O
examined	O
the	O
right	O
diaphragm	O
by	O
palpation	O
and	O
noted	O
no	O
abnormality	O
.	O
Postoperatively	O
the	O
patient	O
had	O
a	O
prolonged	O
ventilator	B-GOAL
dependence	O
.	O
His	O
daily	O
CXR	O
showed	O
right-sided	O
diaphragmatic	O
abnormality	O
but	O
was	O
nonspeciﬁc	O
.	O
We	O
performed	O
a	O
dynamic	O
ultrasound	B-IM
to	O
evaluate	O
the	O
right	O
diaphragm	O
the	O
result	O
suggested	O
that	O
the	O
right	O
diaphragm	O
was	O
paralysed	O
probably	O
secondary	O
to	O
right	O
phrenic	O
nerve	O
injury	B-PI
.	O
On	O
3	O
occasions	O
(post-injury	O
day	O
0	O
4	O
and	O
15)	O
the	O
patient	O
underwent	O
CT	B-IM
of	O
the	O
chest	O
none	O
of	O
those	O
3	O
scans	O
reported	O
right-sided	O
diaphragmatic	O
injury	B-PI
desB-pite	O
the	O
presence	O
of	O
“hepatothorax”	O
as	O
well	O
as	O
“hump”	O
“band”	O
and	O
“collar”	O
signs	O
.	O
Eventually	O
on	O
post-injury	O
day	O
17	O
the	O
patient	O
underwent	O
a	O
diagnostic	O
laparoscopy	B-IM
we	O
found	O
the	O
liver	O
herniating	B-PI
into	O
the	O
right	O
chest	O
.	O
28-year	O
lady	O
was	O
brought	O
to	O
the	O
ED	O
with	O
an	O
alleged	O
history	O
of	O
accidental	O
strangulation	O
by	O
cloth	O
while	O
working	O
in	O
ﬁelds	O
.	O
The	O
patient	O
presented	O
to	O
us	O
after	O
8	O
h	O
of	O
trauma	B-PI
.	O
Airway	O
was	O
patent	B-PI
and	O
the	O
cervical	O
sB-pine	O
motion	O
was	O
restricted	B-PI
	O
.	O
A	O
patterned	O
bruise	O
of	O
strangulation	O
was	O
present	O
in	O
the	O
middle	O
of	O
the	O
neck	O
.	O
Larynx	O
and	O
cricotracheal	O
junction	O
were	O
normal	O
to	O
palpation	O
.	O
Breathing	O
and	O
circulation	O
were	O
normal	O
and	O
there	O
was	O
no	O
neurological	O
disability	O
.	O
Mild	O
surgical	O
emphysema	B-PI
was	O
present	O
in	O
the	O
face	O
and	O
neck	O
.	O
CECT	B-IM
neck	O
revealed	O
tracheal	O
transection	B-PI
more	O
than	O
50%	O
of	O
the	O
circumference	O
and	O
an	O
abnormally	O
dilated	B-PI
segment	O
of	O
the	O
esophagus	O
.	O
Contrast	O
esophagogram	O
wasn't	O
performed	O
as	O
the	O
patient	O
had	O
an	O
upfront	O
indication	O
of	O
exploration	B-GOAL
	O
.	O
CT	B-IM
Angio	B-IM
revealed	O
complete	O
luminal	O
occlusion	O
of	O
left	O
Common	O
Carotid	O
Artery	O
due	O
to	O
thrombosis	O
3	O
cm	O
below	O
bifurcation	O
however	O
the	O
contrast	O
was	O
present	O
in	O
the	O
internal	O
carotid	O
artery	O
presumably	O
entering	O
retrogradely	O
from	O
external	O
carotid	O
artery	O
.	O
Interventional	O
radiology	O
expertise	O
for	O
CCA	O
stenting	O
wasn't	O
available	O
.	O
The	O
patient	O
was	O
taken	O
up	O
for	O
emergent	O
exploration	B-GOAL
where	O
complete	O
transection	B-PI
of	O
the	O
trachea	O
was	O
repaired	B-GOAL
along	O
with	O
the	O
esophagus	O
.	O
CCA	O
exploration	B-GOAL
revealed	O
a	O
contused	B-PI
artery	O
not	O
amenable	O
to	O
resection	O
and	O
end	O
to	O
end	O
repair	B-GOAL
	O
.	O
CCA	O
size	O
precluded	O
the	O
use	O
of	O
saphenous	O
graft	O
due	O
to	O
anticipated	O
luminal	O
discrepancy	O
and	O
subsequent	O
turbulent	O
ﬂow	O
.	O
PTFE	O
and	O
Dacron	O
couldn't	O
be	O
arranged	O
in	O
the	O
middle	O
of	O
the	O
night	O
.	O
The	O
operating	O
surgeon	O
decided	O
to	O
manage	O
CCA	O
contusion	B-PI
and	O
thrombosis	O
non-operatively	O
as	O
the	O
patient	O
presented	O
after	O
8	O
h	O
and	O
majority	O
strokes	O
in	O
Grade	O
4	O
injury	B-PI
would	O
have	O
manifested	O
in	O
this	O
period	O
.	O
CCA	O
ligation	O
wasn't	O
done	O
in	O
the	O
apprehension	O
of	O
antegrade	O
thrombus	O
propagation	B-GOAL
post	O
ligation	O
.	O
Unfortunately	O
the	O
patient	O
developed	O
right	O
hemiparesis	B-PI
in	O
the	O
immediate	O
post-operative	O
period	O
.	O
MR	B-IM
brain	O
with	O
angiogram	B-IM
revealed	O
thrombus	O
propagation	B-GOAL
involving	O
ICA	O
and	O
Left	O
MCA	O
and	O
conﬁrmed	O
stroke	O
	O
.	O
The	O
patient	O
was	O
started	O
on	O
anticoagulation	O
and	O
intensive	O
physiotherapy	B-GOAL
	O
.	O
Her	O
maximal	O
power	O
was	O
2/5	O
in	O
the	O
upper	O
limb	O
and	O
3/5	O
in	O
the	O
lower	O
limb	O
.	O
With	O
physiotherapy	B-GOAL
she	O
started	O
regaining	O
strength	O
and	O
by	O
the	O
third	O
postoperative	O
day	O
she	O
had	O
regained	O
full	O
power	O
and	O
could	O
write	O
and	O
walk	O
independently	O
.	O
Follow	O
up	O
Doppler	O
showed	O
no	O
recanalization	O
.	O
The	O
rest	O
post-op	O
period	O
was	O
uneventful	O
and	O
the	O
patient	O
was	O
discharged	O
home	O
neurologically	O
intact	O
on	O
antithrombotic	O
therapy	B-GOAL
.	O
We	O
describe	O
the	O
case	O
of	O
a	O
15	O
year	O
old	O
boy	O
who	O
presented	O
with	O
generalised	O
abdominal	O
pain	B-PI
following	O
a	O
seemingly	O
minor	O
collision	O
at	O
weekend	O
soccer	O
.	O
Investigation	O
revealed	O
a	O
grade	O
IV	O
pancreatic	O
injury	B-PI
that	O
was	O
subsequently	O
managed	O
with	O
pancreatic	O
stent	O
insertion	O
by	O
endoscoB-pic	O
retrograde	O
cholangiopancreatography	O
and	O
total	O
parenteral	O
nutrition	O
(TPN)	O
prior	O
to	O
recommencing	O
low	O
fat	O
diet	O
10	O
days	O
post-injury	O
.	O
A	O
previously	O
well	O
15	O
year	O
old	O
male	O
presented	O
to	O
the	O
Emergency	O
department	O
at	O
1600	O
h	O
4	O
hours	O
after	O
a	O
seemingly	O
minor	O
blunt	O
abdominal	O
injury	B-PI
during	O
a	O
weekend	O
soccer	O
match	O
.	O
Initially	O
following	O
the	O
impact	O
of	O
another	O
player's	O
knee	O
to	O
the	O
abdomen	O
the	O
adolescent	O
rested	O
out	O
of	O
the	O
game	O
for	O
half	O
an	O
hour	O
before	O
returning	O
to	O
play	O
the	O
second	O
half	O
.	O
Following	O
the	O
game	O
he	O
returned	O
home	O
tolerated	O
an	O
afternoon	O
meal	O
before	O
the	O
gradual	O
onset	O
of	O
constant	O
dull	O
severe	O
non-radiating	O
generalised	O
abdominal	O
pain	B-PI
that	O
was	O
not	O
exacerbated	O
by	O
movement	O
.	O
Due	O
to	O
family	O
concerns	O
the	O
patient	O
presented	O
to	O
our	O
Level	O
I	O
Tertiary	O
referral	O
trauma	B-PI
centre	O
by	O
own	O
means	O
.	O
He	O
was	O
normotensive	O
and	O
not	O
tachycardic	B-PI
.	O
The	O
patient	O
had	O
no	O
signiﬁcant	O
medical	O
history	O
.	O
Physical	O
examination	B-GOAL
revealed	O
a	O
guarded	O
abdomen	O
.	O
Focused	O
Assessment	O
with	O
Sonography	B-IM
for	O
Trauma	B-PI
(FAST)	B-IM
suggested	O
a	O
trace	O
of	O
free	O
ﬂuid	O
in	O
the	O
sagittal	O
pelvic	O
image	O
.	O
The	O
initial	O
blood	O
pathology	O
was	O
normal	O
except	O
for	O
an	O
elevation	O
of	O
amylase	O
410	O
units/l	O
lipase	O
771	O
units/l	O
and	O
white	O
cell	O
count	O
12	O
0.2	O
×	O
109/l	O
.	O
He	O
was	O
admitted	O
for	O
observation	B-GOAL
and	O
serial	O
clinical	O
and	O
FAST	B-IM
assessments	O
.	O
The	O
patient's	O
symptoms	O
failed	O
to	O
improve	O
after	O
24	O
h	O
observation	B-GOAL
during	O
which	O
time	O
he	O
developed	O
shoulder	O
tip	O
and	O
central	O
back	O
pain	B-PI
.	O
A	O
repeat	O
FAST	B-IM
24	O
h	O
post-admission	O
again	O
revealed	O
possible	O
trace	O
free	O
ﬂuid	O
in	O
the	O
sagittal	O
pelvic	O
images	O
with	O
new	O
concerns	O
regarding	O
trace	O
free	O
ﬂuid	O
to	O
the	O
spleno-renal	O
angle	O
.	O
A	O
computed	O
tomography	O
(CT)	B-IM
scan	O
was	O
performed	O
with	O
intravenous	O
contrast	O
.	O
This	O
revealed	O
a	O
transverse	O
laceration	O
through	O
the	O
neck	O
of	O
the	O
pancreas	O
with	O
normal	O
enhancement	O
of	O
the	O
pancreas	O
and	O
no	O
pancreatic	O
duct	O
dilatation	O
consistent	O
with	O
American	O
Association	O
for	O
the	O
Surgery	B-SurgicalProcedure
of	O
Trauma	B-PI
(AAST)	O
Organ	O
Injury	B-PI
Scale	O
(OIS)	O
grade	O
IV	O
injury	B-PI
.	O
Additionally	O
there	O
was	O
a	O
small	O
volume	O
low	O
density	O
intraperitoneal	O
ﬂuid	O
retroperitoneal	O
stranding	O
omental	O
contusion	B-PI
and	O
a	O
small	O
linear	O
laceration	O
of	O
the	O
posterior	O
left	O
kidney	O
without	O
peri-nephric	O
collection	O
(AAST-OIS	O
Grade	O
II	O
injury)B-PI	O
.	O
There	O
was	O
no	O
injury	B-PI
to	O
the	O
other	O
solid	O
organs	O
or	O
the	O
duodenum	O
.	O
The	O
patient	O
was	O
kept	O
nil	O
by	O
mouth	O
with	O
intravenous	O
antibiotics	O
TPN	O
and	O
octreotide	O
100	O
mg	O
three	O
times	O
a	O
day	O
via	O
a	O
percutaneous	O
inserted	O
central	O
catheter	O
(B-PICC)	O
.	O
Ongoing	O
central	O
abdominal	O
pain	B-PI
consistent	O
with	O
acute	O
pancreatitis	O
prompted	O
further	O
imaging	B-GOAL
on	O
day	O
2	O
by	O
magnetic	O
resonance	O
cholangiopancreatography	O
(MRCP)	B-IM
.	O
This	O
conﬁrmed	O
the	O
CT	B-IM
ﬁndings	O
and	O
the	O
patient	O
was	O
booked	O
for	O
ERCP	B-IM
the	O
following	O
day	O
.	O
At	O
ERCP	B-IM
the	O
pancreatic	O
duct	O
was	O
selectively	O
cannulated	O
and	O
contrast	O
extravasation	B-PI
was	O
seen	O
at	O
the	O
pancreatic	O
neck	O
.	O
A	O
5	O
cm	O
5Fr	O
B-pigtail	O
plastic	O
stent	O
was	O
inserted	O
across	O
the	O
defect	O
and	O
the	O
patient	O
remained	O
on	O
TPN	O
and	O
octreotide	O
for	O
10	O
days	O
.	O
Repeat	O
MRCP	B-IM
10	O
days	O
later	O
showed	O
a	O
contiguous	O
main	O
pancreatic	O
duct	O
of	O
normal	O
calibre	O
and	O
appearance	O
with	O
no	O
evidence	O
of	O
transection	B-PI
and	O
improvement	O
of	O
the	O
peri-pancreatic	O
oedema	B-PI
.	O
The	O
patient	O
was	O
allowed	O
to	O
resume	O
a	O
low	O
fat	O
diet	O
and	O
TPN	O
was	O
weaned	O
and	O
ceased	O
.	O
The	O
patient	O
returned	O
home	O
on	O
pantoprazole	O
40	O
mg	O
daily	O
he	O
was	O
electively	O
brought	O
back	O
to	O
hosB-pital	O
12	O
days	O
later	O
for	O
ERCP	B-IM
and	O
stent	O
removal	B-GOAL
.	O
At	O
ERCP	B-IM
the	O
B-pigtail	O
stent	O
was	O
not	O
seen	O
having	O
likely	O
passed	O
out	O
and	O
there	O
was	O
no	O
evidence	O
of	O
extravasation	B-PI
of	O
contrast	O
consistent	O
with	O
resolution	O
of	O
injury	B-PI
.	O
Follow-up	O
as	O
an	O
outpatient	O
was	O
without	O
incident	O
over	O
a	O
three-month	O
period	O
.	O
The	O
patient	O
has	O
been	O
advised	O
not	O
to	O
partake	O
in	O
contact	O
sports	O
for	O
six	O
months	O
.	O
A	O
25-year-old	O
male	O
camel	O
caregiver	O
presented	O
to	O
the	O
Emergency	O
Department	O
of	O
Al-Ain	O
HosB-pital	O
1	O
h	O
after	O
being	O
bitten	O
several	O
times	O
in	O
the	O
left	O
side	O
of	O
his	O
head	O
and	O
neck	O
by	O
a	O
15-year-old	O
male	O
camel	O
.	O
The	O
injury	B-PI
occurred	O
in	O
the	O
farm	O
while	O
the	O
patient	O
was	O
trying	O
to	O
feed	O
the	O
camel	O
.	O
The	O
camel	O
turned	O
aggressive	O
and	O
strongly	O
and	O
repeatedly	O
gripped	O
the	O
patient's	O
face	O
between	O
its	O
jaws	O
lifting	O
the	O
patient	O
up	O
in	O
the	O
air	O
while	O
shaking	O
and	O
throwing	O
him	O
forcefully	O
to	O
the	O
ground	O
.	O
These	O
bites	O
were	O
repeated	O
four	O
times	O
to	O
the	O
patient's	O
face	O
and	O
neck	O
.	O
The	O
patient	O
was	O
able	O
to	O
rescue	O
himself	O
only	O
after	O
putting	O
his	O
headscarf	O
inside	O
the	O
camel's	O
mouth	O
.	O
On	O
clinical	O
examination	B-GOAL
the	O
patient	O
was	O
fully	O
conscious	O
alert	O
but	O
in	O
severe	O
distress	O
.	O
His	O
blood	O
pressure	O
was	O
159/91	O
mm	O
Hg	O
.	O
Pulse	O
rate	O
was	O
47	O
beats	O
per	O
minute	O
and	O
body	O
temperature	O
was	O
36	O
0.5	O
°C	O
.	O
There	O
were	O
multiple	O
puncture	O
and	O
laceration	O
wounds	O
on	O
the	O
left	O
side	O
of	O
his	O
face	O
and	O
neck	O
.	O
Inspection	O
of	O
the	O
facial	O
wounds	O
showed	O
a	O
swollen	O
left	O
eye	O
with	O
lacerations	O
on	O
the	O
eyelid	O
and	O
eyebrow	O
with	O
extensive	O
subconjunctival	O
hemorrhage	B-PI
.	O
An	O
approximately	O
13	O
cm	O
lacerated	O
wound	O
on	O
the	O
left	O
side	O
of	O
the	O
face	O
extended	O
from	O
the	O
temporal	O
region	O
to	O
the	O
left	O
chin	O
with	O
surrounding	O
skin	O
erythema	O
.	O
There	O
was	O
bleeding	O
from	O
the	O
left	O
ear	O
with	O
a	O
laceration	O
of	O
the	O
crus	O
of	O
the	O
left	O
helix	O
.	O
Neck	O
inspection	O
showed	O
a	O
7	O
cm	O
laceration	O
in	O
the	O
left	O
submandibular	O
area	O
with	O
no	O
obvious	O
injury	B-PI
to	O
the	O
adjacent	O
great	O
vessels	O
.	O
The	O
patient	O
was	O
given	O
0	O
0.5	O
ml	O
of	O
tetanus	O
toxoid	O
vaccine	O
intramuscularly	O
and	O
was	O
admitted	O
to	O
the	O
hosB-pital	O
.	O
A	O
trauma	B-PI
computed	O
tomography	O
(CT)	B-IM
was	O
performed	O
to	O
detect	O
other	O
injuries	B-PI
.	O
Maxillofacial	O
CT	B-IM
without	O
contrast	O
showed	O
a	O
comminuted	O
fracture	B-PI
of	O
the	O
left	O
nasal	O
bone	O
a	O
fracture	B-PI
of	O
the	O
medial	O
orbital	O
wall	O
with	O
sagging	O
of	O
medial	O
rectus	O
muscle	O
into	O
the	O
fracture	B-PI
space	O
medial	O
rectus	O
muscle	O
hematoma	B-PI
fracture	B-PI
of	O
lacrimal	O
bone	O
and	O
displacement	B-PI
of	O
B-piece	O
of	O
it	O
into	O
the	O
orbit	O
left	O
preseptal	O
hematoma	B-PI
complete	O
opaciﬁcation	B-PI
of	O
left	O
intraocular	O
content	O
crystalline	O
lens	O
was	O
not	O
identiﬁed	O
and	O
the	O
eye	O
appeared	O
as	O
one	O
chamber	O
with	O
loss	B-PI
of	O
the	O
eyewall	O
integrity	O
.	O
Although	O
the	O
left	O
optic	O
nerve	O
appeared	O
stretched	O
there	O
were	O
no	O
obvious	O
CT	B-IM
ﬁndings	O
for	O
its	O
injury	B-PI
.	O
CT	B-IM
angiographic	B-IM
study	O
of	O
the	O
neck	O
arteries	O
showed	O
no	O
evidence	O
of	O
active	O
extravasation	B-PI
dissection	O
or	O
thrombosis	O
.	O
Prophylactic	O
antibiotic	O
using	O
intravenous	O
ceftriaxone	O
and	O
metronidazole	O
was	O
commenced	O
.	O
The	O
patient	O
was	O
taken	O
to	O
the	O
operation	O
room	O
and	O
the	O
wounds	O
were	O
explored	O
and	O
debrided	O
under	O
general	B-SurgicalPreparation
anesthesia	B-SurgicalPreparation
.	O
Upper	O
lid	O
(2	O
cm)	O
full	O
thickness	O
laceration	O
eyebrow	O
(3	O
0.5	O
cm)	O
lateral	O
to	O
lateral	O
canthal	O
area	O
laceration	O
and	O
inferior	O
bulbar	O
conjunctiva	O
were	O
repaired	B-GOAL
.	O
There	O
was	O
a	O
massive	O
corneal	O
laceration	O
with	O
expulsion	O
of	O
the	O
eye	O
content	O
.	O
Salvaging	O
the	O
left	O
eye	O
was	O
not	O
possible	O
and	O
evisceration	O
of	O
the	O
eye	O
was	O
performed	O
.	O
Intraoperative	O
examination	B-GOAL
of	O
the	O
left	O
cheek	O
wound	O
site	O
revealed	O
macerated	O
muscle	O
with	O
a	O
deep	O
wound	O
penetrating	B-PI
the	O
underlying	O
superﬁcial	O
musculoaponeurotic	O
system	O
.	O
The	O
left	O
Parotid	O
duct	O
was	O
partially	O
transected	O
over	O
the	O
masseter	O
muscle	O
.	O
This	O
was	O
approximated	O
and	O
primarily	O
repaired	B-GOAL
using	O
Nylon	O
8/0	O
sutures	O
and	O
the	O
parotid	O
gland	O
capsule	O
was	O
also	O
sutured	O
.	O
The	O
buccal	O
branch	O
of	O
the	O
facial	O
nerve	O
could	O
not	O
be	O
identiﬁed	O
.	O
The	O
nasal	O
bone	O
fracture	B-PI
was	O
managed	O
with	O
closed	O
reduction	B-GOAL
.	O
The	O
lacerations	O
of	O
the	O
left	O
auricle	O
and	O
the	O
left	O
submandibular	O
region	O
were	O
closed	O
in	O
layers	O
.	O
On	O
a	O
postoperative	O
day	O
6	O
the	O
patient	O
developed	O
a	O
small	O
left-sided	O
sialocele	O
which	O
has	O
raB-pidly	O
progressed	O
into	O
a	O
ﬁstula	O
.	O
This	O
was	O
managed	O
with	O
Hyoscine	O
tablets	O
transdermal	O
scopolamine	O
and	O
pressure	O
dressing	O
.	O
A	O
favorable	O
response	O
was	O
observed	O
after	O
three	O
days	O
.	O
The	O
patient	O
was	O
discharged	O
home	O
on	O
day	O
9	O
in	O
a	O
good	O
general	B-SurgicalPreparation
condition	O
and	O
was	O
placed	O
on	O
Clindamycin	O
600	O
mg	O
4	O
times	O
a	O
day	O
Hyoscine	O
20	O
mg	O
3	O
times	O
a	O
day	O
and	O
Erythromycin	O
0	O
.5%	O
ophthalmic	O
ointment	O
.	O
A	O
follow	O
up	O
at	O
one	O
month	O
showed	O
a	O
satisfactory	O
scar	O
completely	O
healed	O
salivary	O
ﬁstula	O
and	O
a	O
residual	O
weak	O
upper	O
lip	O
function	O
.	O
The	O
patient	O
gave	O
written	O
informed	O
consent	O
for	O
publication	O
of	O
his	O
clinical	O
images	O
in	O
this	O
manuscript	O
.	O
A	O
75-year-old	O
male	O
with	O
history	O
of	O
atrial	O
ﬁbrillation	O
on	O
Rivaroxaban	O
was	O
struck	O
by	O
a	O
motor	O
vehicle	O
.	O
Upon	O
arrival	O
he	O
was	O
hypotensive	O
but	O
with	O
a	O
Glasgow	O
Coma	O
Score	O
of	O
15	O
.	O
A	O
strategy	O
of	O
permissive	O
hypotension	B-PI
was	O
maintained	O
based	O
upon	O
the	O
patient's	O
mental	O
status	O
.	O
Plain	O
radiographs	B-IM
and	O
CT	B-IM
imaging	B-GOAL
were	O
obtained	O
and	O
demonstrated	O
multiple	O
rib	O
fractures	B-PI
and	O
a	O
celiac	O
artery	O
injury	B-PI
with	O
contrast	O
extravasation	B-PI
and	O
associated	O
hematoma	B-PI
.	O
He	O
was	O
immediately	O
transported	O
to	O
our	O
hybrid	O
operating	O
room	O
and	O
placed	O
under	O
general	B-SurgicalPreparation
anesthesia	B-SurgicalPreparation
.	O
Percutaneous	O
femoral	O
artery	O
access	O
was	O
obtained	O
and	O
aortography	B-IM
was	O
performed	O
.	O
This	O
demonstrated	O
a	O
complete	O
avulsion	O
of	O
the	O
celiac	O
artery	O
with	O
distal	O
reconstitution	O
via	O
retrograde	O
ﬁling	O
from	O
the	O
superior	O
mesenteric	O
artery	O
.	O
Initially	O
given	O
the	O
stability	O
of	O
the	O
patient	O
attempts	O
were	O
made	O
to	O
traverse	O
the	O
injury	B-PI
to	O
perform	O
endovascular	O
intervention	O
in	O
a	O
hybrid	O
operating	O
room	O
but	O
these	O
were	O
unsuccessful	O
desB-pite	O
the	O
use	O
of	O
multiple	O
wire	O
catheter	O
and	O
sheath	O
combinations	O
.	O
The	O
patient	O
was	O
already	O
prepped	O
for	O
and	O
immediately	O
underwent	O
a	O
midline	O
laparotomy	B-SurgicalProcedure
as	O
there	O
was	O
obvious	O
concern	O
that	O
he	O
may	O
either	O
decompensate	O
or	O
the	O
injury	B-PI
might	O
not	O
be	O
amenable	O
to	O
endovascular	O
intervention	O
.	O
The	O
celiac	O
axis	O
and	O
aorta	O
were	O
explored	O
through	O
the	O
lesser	O
sac	O
and	O
control	O
of	O
the	O
celiac	O
origin	O
was	O
obtained	O
with	O
a	O
side-biting	O
aortic	O
clamp	O
with	O
scant	O
back-bleeding	O
from	O
the	O
distal	O
celiac	O
stump	O
.	O
The	O
splenic	O
artery	O
and	O
common	O
hepatic	O
artery	O
were	O
isolated	O
and	O
the	O
left	O
gastric	O
artery	O
was	O
ligated	O
.	O
The	O
gastroduodenal	O
artery	O
was	O
patent	B-PI
however	O
worsening	O
hepatic	O
ischemia	B-PI
was	O
visualized	O
during	O
the	O
case	O
this	O
ligation	O
alone	O
was	O
felt	O
to	O
be	O
unsafe	O
.	O
Therefore	O
an	O
aorto-celiac	O
bypass	B-SurgicalProcedure
with	O
a	O
6-mm	O
Dacron	O
graft	O
was	O
performed	O
utilizing	O
the	O
supra-celiac	O
aorta	O
as	O
the	O
inﬂow	O
source	O
.	O
The	O
celiac	O
stump	O
was	O
over-sewn	O
.	O
A	O
temporary	O
abdominal	O
closure	B-GOAL
was	O
performed	O
and	O
the	O
patient	O
was	O
transferred	O
to	O
the	O
surgical	O
intensive	O
care	O
unit	O
for	O
resuscitation	O
.	O
His	O
abdomen	O
was	O
closed	O
four	O
days	O
after	O
his	O
initial	O
operation	O
.	O
A	O
prolonged	O
hosB-pital	O
course	O
ensued	O
with	O
complications	O
including	O
a	O
pancreatic	O
leak	B-PI
with	O
pseudocyst	O
formation	O
necessitating	O
ERCP	B-IM
and	O
endoscoB-pic	O
cyst-gastrotomy	B-SurgicalProcedure
pneumonia	B-PI
acute	O
kidney	O
injury	B-PI
and	O
splenic	O
artery	O
pseudoaneurysm	B-PI
managed	O
by	O
exclusion	O
and	O
embolization	O
.	O
The	O
patient	O
was	O
discharged	O
home	O
and	O
exB-pired	O
22	O
months	O
after	O
his	O
trauma	B-PI
from	O
acute	O
resB-piratory	O
failure	O
leading	O
to	O
hypoxic	O
brain	O
injury	B-PI
.	O
Consent	O
was	O
obtained	O
for	O
the	O
publication	O
of	O
this	O
report	O
.	O
A	O
72	O
year-old	O
male	O
with	O
a	O
history	O
of	O
myocardial	O
infarction	O
and	O
stroke	O
(without	O
any	O
residual	O
side	O
effects)	O
presented	O
with	O
a	O
recurrent	O
left-sided	O
subdural	O
hematoma	B-PI
within	O
a	O
seven-month	O
period	O
.	O
The	O
patient	O
originally	O
presented	O
to	O
the	O
neurosurgical	O
clinic	O
complaining	O
of	O
a	O
two-day	O
history	O
of	O
personality	O
changes	O
urinary	O
incontinence	O
balance	O
instability	O
and	O
headaches	O
.	O
Physical	O
examination	B-GOAL
was	O
signiﬁcant	O
for	O
a	O
decreased	O
level	O
of	O
consciousness	O
cognitive	O
impairment	B-PI
ataxic	O
gait	O
speech	O
difﬁculty	O
right-sided	O
hemianopsia	B-PI
mild	O
third	O
and	O
sixth	O
nerve	O
palsy	O
as	O
well	O
as	O
paB-pilledema	B-PI
on	O
fundoscoB-pic	O
examination	B-GOAL
.	O
A	O
computerized	O
tomography	O
(CT)	B-IM
image	O
revealed	O
a	O
chronic	O
recurrent	O
left-sided	O
subdural	O
hematoma	B-PI
.	O
The	O
patient	O
was	O
admitted	O
from	O
the	O
emergency	O
department	O
and	O
the	O
subdural	O
hematoma	B-PI
was	O
drained	B-GOAL
with	O
placement	O
of	O
a	O
valveless	O
subdural	O
peritoneal	O
shunt	O
.	O
The	O
patient	O
in	O
the	O
suB-pine	O
position	O
and	O
under	O
general	B-SurgicalPreparation
endotracheal	O
anesthesia	B-SurgicalPreparation
was	O
prepped	O
and	O
draped	O
with	O
routine	O
sterile	B-SurgicalPreparation
methods	O
including	O
the	O
left	O
frontal	O
parietal	O
and	O
occiB-pital	O
areas	O
in	O
addition	O
to	O
the	O
ipsilateral	O
side	O
of	O
the	O
chest	O
neck	O
and	O
abdomen	O
.	O
Endoscopy	O
was	O
used	O
to	O
pass	O
the	O
peritoneal	O
shunt	O
up	O
to	O
the	O
parieto-occiB-pital	O
juncture	O
.	O
A	O
burr	O
hole	O
was	O
created	O
and	O
the	O
dura	O
opened	O
in	O
the	O
left	O
frontal	O
area	O
.	O
After	O
evacuation	O
of	O
the	O
hematoma	B-PI
a	O
ventricular	O
catheter	O
was	O
connected	O
to	O
the	O
peritoneal	O
tubing	O
.	O
Physical	O
examination	B-GOAL
two	O
days	O
postoperatively	O
revealed	O
complete	O
resolution	O
of	O
all	O
neurological	O
deﬁcits	O
.	O
The	O
patient	O
presented	O
to	O
a	O
one-month	O
follow-up	O
appointment	O
without	O
the	O
presence	O
of	O
any	O
neurological	O
symptoms	O
.	O
CT	B-IM
imaging	B-GOAL
of	O
the	O
brain	O
showed	O
complete	O
resolution	O
of	O
the	O
hematoma	B-PI
with	O
no	O
new	O
recurrences	O
.	O
A	O
46	O
year	O
old	O
male	O
was	O
an	O
alcohol-intoxicated	O
restrained	O
passenger	O
in	O
a	O
head-on	O
motor	O
vehicle	O
collision	O
suffering	O
blunt	O
force	O
abdominal	O
trauma	B-PI
.	O
At	O
the	O
collision	O
site	O
EMS	O
recorded	O
a	O
Glasgow	O
Coma	O
Score	O
of	O
15	O
with	O
stable	O
vital	O
signs	O
.	O
He	O
was	O
transferred	O
to	O
Cabell	O
Huntington	O
HosB-pital	O
where	O
he	O
was	O
intubated	O
and	O
found	O
to	O
be	O
tachycardic	B-PI
and	O
profoundly	O
academic	O
to	O
an	O
arterial	O
pH	O
of	O
7	O
0.19	O
with	O
accompanying	O
base	O
deﬁcit	O
of	O
-11	O
.	O
Hemoglobin	O
was	O
12	O
0.9	O
hematocrit	O
37	O
0.1	O
PT	O
11	O
0.5	O
sec	O
and	O
APTT	O
23	O
0.5	O
sec	O
.	O
CT	B-IM
showed	O
acute	O
thoracic	O
aortic	O
rupture	B-PI
with	O
a	O
large	O
volume	O
of	O
blood	O
inferiorly	O
along	O
the	O
aorta	O
right	O
middle	O
and	O
lower	O
lobe	O
lung	O
contusions	B-PI
and	O
a	O
4	O
cm	O
laceration	O
along	O
the	O
inferior	O
lobe	O
of	O
the	O
liver	O
with	O
blood	O
in	O
the	O
renal	O
hilum	O
suggesting	O
right	O
renovascular	O
injury	B-PI
and	O
free	O
ﬂuid	O
within	O
the	O
pelvis	O
.	O
He	O
was	O
transferred	O
to	O
Saint	O
Mary’s	O
Medical	O
Center	O
for	O
emergent	O
management	B-GOAL
of	O
aortic	O
rupture	B-PI
.	O
Emergent	O
surgical	O
management	B-GOAL
of	O
the	O
ruptured	B-PI
thoracic	O
aorta	O
was	O
completed	O
by	O
the	O
cardiothoracic	O
team	O
.	O
Upon	O
completion	O
initiation	O
of	O
exploratory	O
laparotomy	B-SurgicalProcedure
was	O
begun	O
noting	O
blood	O
in	O
the	O
peritoneum	O
and	O
bile	O
staining	O
in	O
the	O
right	O
upper	O
quadrant	O
associated	O
with	O
the	O
transverse	O
and	O
hepatic	O
ﬂexures	O
of	O
the	O
colon	O
.	O
The	O
gallbladder	O
was	O
visibly	O
distended	B-PI
ﬁrm	O
to	O
palpation	O
and	O
discolored	O
but	O
showed	O
no	O
signs	O
of	O
rupture	B-PI
.	O
Subcapsular	O
hematoma	B-PI
was	O
appreciated	O
along	O
the	O
right	O
posterior	O
lobe	O
of	O
the	O
liver	O
but	O
showed	O
no	O
signs	O
of	O
actively	O
expanding	O
or	O
gross	O
laceration	O
.	O
Open	O
cholescystectomy	O
with	O
intraoperative	O
cholangiogram	B-IM
was	O
performed	O
on	O
a	O
thick	O
distended	B-PI
and	O
grossly-discolored	O
gallbladder	O
consistent	O
with	O
hemorrhage	B-PI
into	O
the	O
gallbladder	O
lumen	O
.	O
Conray	O
contrast	O
was	O
used	O
to	O
demonstrate	O
a	O
completely	O
intact	O
biliary	O
tree	O
with	O
extravasation	B-PI
noted	O
from	O
the	O
common	O
bile	O
duct	O
.	O
Duodenal	O
injury	B-PI
was	O
ruled	O
out	O
by	O
passing	O
methylene	O
blue	O
through	O
the	O
orogastric	O
tube	O
with	O
no	O
extravasation	B-PI
appreciated	O
and	O
colon	O
was	O
assessed	O
via	O
direct	O
visualization	O
by	O
Kocher	O
maneuver	O
and	O
mobilization	O
of	O
the	O
hepatic	O
ﬂexure	O
.	O
Due	O
to	O
the	O
duration	O
of	O
the	O
thoracic	O
aorta	O
repair	B-GOAL
and	O
the	O
exploratory	O
laparotomy	B-SurgicalProcedure
the	O
decision	O
was	O
made	O
to	O
place	O
a	O
16-French	O
T-tube	O
in	O
the	O
common	O
bile	O
duct	O
in	O
addition	O
to	O
two	O
large	O
#24	O
Jackson-Pratt	O
tubes	O
in	O
the	O
vicinity	O
of	O
the	O
bile	O
duct	O
.	O
The	O
patient	O
was	O
maintained	O
on	O
ventilator	B-GOAL
in	O
the	O
neurotrauma	B-PI
intensive	O
care	O
unit	O
.	O
In	O
the	O
postoperative	O
period	O
the	O
T-tube	O
drained	B-GOAL
golden	O
brown	O
bile	O
and	O
was	O
well-tolerated	O
.	O
Urine	O
collection	O
via	O
Foley	O
catheter	O
showed	O
blood-tinged	O
urine	O
that	O
persisted	O
until	O
POD	O
10	O
but	O
then	O
spontaneously	O
resolved	O
.	O
During	O
this	O
time	O
on	O
POD	O
6	O
the	O
patient	O
underwent	O
gastrostomy	B-SurgicalProcedure
with	O
placement	O
of	O
percutaneous	O
gastrostomy	B-SurgicalProcedure
and	O
tracheostomy	B-SurgicalProcedure
tubes	O
.	O
Due	O
to	O
the	O
PEG	O
becoming	O
disloged	O
on	O
POD	O
8	O
the	O
patient	O
underwent	O
exploratory	O
laparotomy	B-SurgicalProcedure
and	O
gastrostomy	B-SurgicalProcedure
with	O
jejunostomy	O
tube	O
placement	O
and	O
removal	B-GOAL
of	O
foreign	B-PI
body	O
.	O
Evaluation	B-GOAL
on	O
postoperative	O
day	O
10	O
showed	O
successful	O
drainage	B-GOAL
of	O
the	O
operative	O
site	O
via	O
T-tube	O
.	O
The	O
patient	O
continued	O
to	O
improve	O
and	O
was	O
discharged	O
on	O
POD	O
28	O
with	O
T-tube	O
and	O
J	O
tubes	O
in	O
place	O
.	O
Recovery	O
was	O
complicated	O
during	O
the	O
outpatient	O
course	O
as	O
frank	O
blood	O
began	O
appearing	O
in	O
the	O
patient’s	O
urine	O
on	O
POD	O
39	O
and	O
the	O
patient	O
began	O
complaining	O
of	O
pain	B-PI
around	O
tube	O
sites	O
.	O
CT	B-IM
urogram	B-IM
showed	O
no	O
residual	O
renal	O
injury	B-PI
and	O
was	O
presumed	O
to	O
be	O
due	O
to	O
residual	O
posttraumatic	O
blood	O
accumulation	O
.	O
Of	O
note	O
a	O
small	O
amount	O
of	O
ﬂuid	O
was	O
appreciated	O
in	O
the	O
anterior	O
right	O
middle	O
and	O
upper	O
abdomen	O
along	O
the	O
inferior	O
right	O
lobe	O
of	O
the	O
liver	O
not	O
seen	O
previously	O
but	O
consistent	O
with	O
postoperative	O
seroma	O
.	O
A	O
urinary	O
tract	O
infection	B-PI
was	O
diagnosed	O
and	O
managed	O
medically	O
.	O
T	O
tube	O
cholangiogram	B-IM
revealed	O
no	O
abnormalities	O
and	O
the	O
the	O
T-tube	O
was	O
removed	O
along	O
with	O
J-tube	O
on	O
POD	O
54	O
.	O
The	O
remainder	O
of	O
the	O
patient’s	O
recovery	O
period	O
was	O
uneventful	O
with	O
regards	O
to	O
hepatobiliary	O
procedures	O
however	O
frank	O
blood	O
in	O
the	O
urine	O
persisted	O
for	O
an	O
additional	O
6	O
months	O
due	O
complications	O
of	O
subclinical	O
traumatic	O
kidney	O
injury	B-PI
sustained	O
during	O
the	O
motor	O
vehicle	O
collision	O
.	O
A	O
54-year-old	O
male	O
competitive	O
powerlifter	O
with	O
a	O
past	O
medical	O
history	O
of	O
hypertension	B-PI
hyperliB-pidemia	O
and	O
coronary	O
artery	O
disease	O
presented	O
to	O
our	O
emergency	O
department	O
(ED)	O
with	O
a	O
complaint	O
of	O
right	O
greater	O
than	O
left	O
lower	O
abdominal	O
pain	B-PI
.	O
He	O
had	O
been	O
performing	O
a	O
back-squat	O
with	O
670	O
lbs	O
.	O
when	O
he	O
felt	O
a	O
painful	B-PI
“pop”	O
in	O
his	O
lower	O
abdomen	O
.	O
He	O
also	O
reported	O
experiencing	O
urinary	O
urgency	O
frequency	O
and	O
hematuria	B-PI
.	O
He	O
denied	O
any	O
lower	O
extremity	O
motor	O
weakness	O
or	O
sensory	O
changes	O
.	O
On	O
visual	O
inspection	O
there	O
was	O
ecchymosis	B-PI
at	O
the	O
base	O
of	O
his	O
penis	O
.	O
No	O
obvious	O
scrotal	O
swelling	B-PI
was	O
seen	O
.	O
Initial	O
physical	O
examination	B-GOAL
by	O
the	O
ED	O
physician	O
was	O
positive	O
for	O
abdominal	O
distension	B-PI
tenderness	B-PI
and	O
guarding	O
but	O
no	O
rebound	O
tenderness	B-PI
or	O
signs	O
of	O
peritonitis	O
were	O
elicited	O
.	O
A	O
raB-pid	O
bedside	O
ultrasound	B-IM
examination	B-GOAL
was	O
negative	O
for	O
intraperitoneal	O
pathology	O
.	O
A	O
CT	B-IM
angiogram	B-IM
of	O
the	O
abdomen	O
and	O
pelvis	O
was	O
performed	O
followed	O
by	O
CT	B-IM
urogram	B-IM
.	O
Results	O
showed	O
widening	O
of	O
the	O
pubic	O
symphysis	B-PI
measuring	O
up	O
to	O
18	O
mm	O
.	O
Close	O
review	O
of	O
the	O
CT	B-IM
imaging	B-GOAL
demonstrated	O
small	O
amounts	O
of	O
air	O
in	O
both	O
sacroiliac	O
joints	O
but	O
it	O
was	O
felt	O
that	O
the	O
overall	O
stability	O
of	O
the	O
pelvic	O
ring	O
had	O
not	O
been	O
compromised	O
and	O
that	O
the	O
air	O
may	O
represent	O
chronic	O
degenerative	O
joint	O
changes	O
.	O
There	O
was	O
also	O
a	O
large	O
intraluminal	O
bladder	O
hematoma	B-PI
taking	O
up	O
over	O
50%	O
of	O
the	O
bladder	O
volume	O
with	O
contrast	O
extravasation	B-PI
along	O
the	O
right	O
side	O
of	O
the	O
retropubic	O
space	O
anterior	O
to	O
the	O
prostate	O
.	O
The	O
patient	O
was	O
taken	O
to	O
the	O
operating	O
room	O
(OR)	O
by	O
a	O
urologist	O
for	O
cystoscopy	O
and	O
intraluminal	O
hematoma	B-PI
evacuation	O
.	O
Cauterization	B-GOAL
of	O
the	O
bleeding	O
was	O
unsuccessful	O
so	O
the	O
procedure	O
was	O
concluded	O
and	O
the	O
patient	O
was	O
transferred	O
to	O
the	O
interventional	O
radiology	O
suite	O
.	O
An	O
arteriogram	B-GOAL
was	O
performed	O
which	O
showed	O
active	O
extravasation	B-PI
of	O
a	O
“replaced”	O
or	O
“accessory”	O
obturator	O
artery	O
an	O
anatomic	O
variant	O
of	O
the	O
obturator	O
artery	O
as	O
a	O
branch	O
from	O
the	O
inferior	O
eB-pigastric	O
artery	O
rather	O
than	O
from	O
the	O
usual	O
anterior	O
division	O
of	O
the	O
internal	O
iliac	O
artery	O
.	O
This	O
artery	O
was	O
coiled	O
and	O
repeat	O
arteriogram	B-GOAL
showed	O
no	O
further	O
extravasation	B-PI
.	O
No	O
injury	B-PI
to	O
the	O
internal	O
iliac	O
artery	O
system	O
was	O
seen	O
.	O
Several	O
hours	O
later	O
desB-pite	O
the	O
embolization	O
procedure	O
and	O
continuous	O
bladder	O
irrigation	O
the	O
patient	O
continued	O
to	O
experience	O
hematuria	B-PI
.	O
The	O
treatment	B-GOAL
teams	O
decide	O
to	O
return	O
to	O
the	O
OR	O
for	O
open	O
exploration	B-GOAL
and	O
bladder	O
repair	B-GOAL
.	O
A	O
low	O
midline	O
incision	O
was	O
used	O
to	O
enter	O
the	O
retropubic	O
space	O
and	O
signiﬁcant	O
hematoma	B-PI
was	O
evacuated	O
.	O
A	O
running	O
suture	O
was	O
used	O
to	O
repair	B-GOAL
a	O
hole	O
in	O
the	O
bladder	O
wall	O
.	O
Repeat	O
cystoscopy	O
was	O
performed	O
and	O
an	O
additional	O
suture	O
was	O
used	O
to	O
seal	O
a	O
small	O
intraluminal	O
leak	B-PI
.	O
The	O
retropubic	O
space	O
continued	O
to	O
ooze	O
blood	O
so	O
packing	O
was	O
placed	O
around	O
the	O
prostate	O
and	O
hemostasis	B-SurgicalProcedure
was	O
achieved	O
.	O
A	O
temporary	O
abdominal	O
closure	B-GOAL
was	O
performed	O
with	O
a	O
plan	O
to	O
return	O
to	O
the	O
OR	O
for	O
removal	B-GOAL
of	O
packing	O
material	O
and	O
repeat	O
exploration	B-GOAL
.	O
On	O
hosB-pital	O
day	O
3	O
the	O
patient	O
was	O
brought	O
back	O
to	O
the	O
OR	O
packing	O
material	O
was	O
removed	O
and	O
no	O
further	O
bleeding	O
was	O
noted	O
.	O
At	O
this	O
point	O
the	O
orthopaedic	O
trauma	B-PI
team	O
was	O
asked	O
to	O
re-examine	O
his	O
symphysis	B-PI
given	O
the	O
direct	O
visualization	O
of	O
the	O
pelvic	O
ring	O
disruption	B-PI
.	O
The	O
diastasis	O
was	O
measured	O
to	O
be	O
30	O
mm	O
using	O
a	O
sterile	B-SurgicalPreparation
ruler	O
so	O
the	O
decision	O
was	O
made	O
to	O
proceed	O
with	O
plate	O
ﬁxation	O
of	O
the	O
symphysis	B-PI
.	O
This	O
was	O
accomplished	O
with	O
a	O
Jungbluth	O
clamp	O
along	O
the	O
anterior	O
surface	O
for	O
reduction	B-GOAL
and	O
placement	O
of	O
a	O
Synthes	O
3	O
0.5	O
mm	O
6-hole	O
pubic	O
symphysis	B-PI
plate	O
(Synthes)	O
with	O
3	O
0.5	O
mm	O
Bone	O
Screw	O
Fasteners	O
.	O
A	O
medium	O
Hemovac	O
drain	O
was	O
placed	O
and	O
primary	O
closure	B-GOAL
was	O
performed	O
of	O
his	O
fascia	O
and	O
skin	O
incision	O
.	O
Post-operatively	O
he	O
was	O
allowed	O
to	O
weight	O
bear	O
for	O
transfers	O
only	O
.	O
By	O
3	O
months	O
following	O
surgery	B-SurgicalProcedure
he	O
was	O
allowed	O
to	O
weight-bear	O
as	O
tolerated	O
and	O
has	O
gone	O
on	O
to	O
do	O
well	O
without	O
any	O
radiographic	B-IM
or	O
clinical	O
signs	O
of	O
implant	O
failure	O
.	O
Our	O
patient	O
is	O
a	O
15-year-old	O
boy	O
who	O
was	O
the	O
victim	O
of	O
a	O
hit	O
and	O
run	O
accident	O
while	O
on	O
his	O
skateboard	O
.	O
He	O
was	O
unresponsive	O
in	O
the	O
ﬁeld	O
with	O
multiple	O
injuries	B-PI
including	O
a	O
deformed	O
left	O
upper	O
extremity	O
and	O
a	O
tension	O
pneumothorax	B-PI
requiring	O
needle	O
decompression	O
.	O
He	O
was	O
emergently	O
brought	O
to	O
our	O
trauma	B-PI
center	O
and	O
stabilized	B-GOAL
.	O
Initial	O
CT	B-IM
head	O
showed	O
a	O
small	O
right	O
subdural	O
hematoma	B-PI
with	O
contralateral	O
left-sided	O
subdural	O
hematoma	B-PI
as	O
well	O
as	O
multiple	O
temporal	O
contusions	B-PI
with	O
a	O
depressed	O
temporal	O
skull	O
fracture	B-PI
that	O
communicated	O
with	O
a	O
basilar	O
skull	O
fracture	B-PI
.	O
The	O
patient	O
at	O
this	O
time	O
was	O
agitated	O
however	O
localizing	O
with	O
a	O
GCS	O
of	O
7T	O
.	O
Given	O
the	O
basilar	O
skull	O
fractures	B-PI
the	O
patient	O
underwent	O
a	O
CT	B-IM
Angiogram	B-IM
of	O
the	O
brain	O
a	O
couple	O
hours	O
after	O
the	O
initial	O
CT	B-IM
scan	O
which	O
showed	O
a	O
3	O
0.5	O
cm	O
newly	O
expanding	O
right-sided	O
eB-pidural	O
hematoma	B-PI
warranting	O
emergent	O
evacuation	O
.	O
This	O
ﬁnding	O
was	O
not	O
appreciated	O
on	O
the	O
initial	O
scan	O
.	O
Shortly	O
before	O
operative	O
intervention	O
the	O
patient	O
became	O
bradycardic	B-PI
hypertensive	O
and	O
tachypnic	B-PI
signs	O
of	O
impending	O
herniation	B-PI
.	O
Intra-operatively	O
he	O
was	O
found	O
to	O
have	O
a	O
signiﬁcant	O
right-sided	O
comminuted	O
skull	O
fracture	B-PI
extending	O
from	O
the	O
temporal	O
fossa	O
to	O
the	O
basilar	O
skull	O
.	O
A	O
hemi-craniectomy	B-SurgicalProcedure
was	O
performed	O
and	O
a	O
large	O
laceration	O
was	O
noted	O
to	O
the	O
dural	O
vessels	O
as	O
well	O
as	O
the	O
middle	O
meningeal	O
artery	O
.	O
The	O
eB-pidural	O
hematoma	B-PI
at	O
this	O
point	O
was	O
causing	O
severe	O
mass	O
eﬀect	O
which	O
would	O
have	O
been	O
fatal	O
had	O
subsequent	O
imaging	B-GOAL
not	O
been	O
performed	O
.	O
Post	O
operatively	O
he	O
was	O
taken	O
to	O
the	O
Pediatric	O
ICU	O
.	O
He	O
was	O
weaned	O
off	O
sedation	O
and	O
extubated	O
several	O
days	O
later	O
noted	O
to	O
be	O
neurologically	O
intact	O
with	O
a	O
GCS	O
of	O
15	O
.	O
He	O
worked	O
well	O
with	O
the	O
physical	O
occupational	O
and	O
cognitive	O
therapy	B-GOAL
services	O
and	O
was	O
medically	O
stabilized	B-GOAL
for	O
transfer	O
to	O
a	O
rehab	O
center	O
.	O
58	O
years	O
old	O
obese	O
lady	O
was	O
brought	O
in	O
emergency	O
department	O
by	O
rescue	O
team	O
.	O
She	O
was	O
accompanied	O
by	O
her	O
son	O
.	O
She	O
presented	O
in	O
critical	O
condition	O
was	O
confused	O
tachypneic	B-PI
and	O
tachycardiac	B-PI
.	O
According	O
to	O
attendant	O
she	O
was	O
complaining	O
for	O
last	O
2–3	O
days	O
of	O
abdominal	O
pain	B-PI
fever	B-PI
decreased	O
oral	O
intake	O
and	O
decreased	O
urination	O
.	O
Presently	O
she	O
was	O
taking	O
her	O
antihypertensive	O
medication	O
.	O
Few	O
minutes	O
after	O
arrival	O
to	O
emergency	O
department	O
she	O
collapsed	O
and	O
was	O
coded	O
.	O
She	O
was	O
pulseless	O
with	O
electrical	O
cardiac	O
activity	O
(PEA)	O
.	O
Cardiopulmonary	O
resuscitation	O
(CPR)	O
was	O
initiated	O
according	O
to	O
Adult	O
Cardiac	O
Life	O
Support	O
(ACLS)	O
protocol	O
.	O
Peripheral	O
vascular	O
access	O
was	O
difficult	O
with	O
several	O
failed	O
attempts	O
.	O
Patient	O
was	O
revived	O
after	O
5	O
min	O
of	O
chest	O
compression	O
endotracheal	O
tube	O
ventilation	O
and	O
single	O
shot	O
of	O
adrenaline	O
.	O
Initial	O
investigations	O
revealed	O
raised	O
WCC	O
CRP	O
and	O
very	O
high	O
blood	O
glucose	O
levels	O
.	O
She	O
was	O
previously	O
non-diabetic	O
.	O
Working	O
diagnosis	B-GOAL
of	O
septic	O
shock	O
was	O
made	O
.	O
She	O
was	O
put	O
on	O
broad	O
spectrum	O
antibiotics	O
which	O
were	O
changed	O
according	O
to	O
sensitivity	O
report	O
of	O
blood	O
and	O
urine	O
cultures	O
.	O
Femoral	O
arterial	O
line	O
was	O
used	O
for	O
monitoring	O
ﬂuid	O
and	O
drug	O
administration	O
.	O
She	O
was	O
sedated	O
and	O
put	O
on	O
invasive	O
ventilation	O
.	O
She	O
was	O
shifted	O
to	O
intensive	O
care	O
unit	O
for	O
monitoring	O
and	O
management	B-GOAL
.	O
She	O
remained	O
oliguric	O
desB-pite	O
ﬂuid	O
replacement	O
.	O
Computed	O
tomography	O
(CT)	B-IM
abdomen	O
was	O
performed	O
which	O
revealed	O
impacted	O
proximal	O
right	O
ureteric	O
stone	O
with	O
dilatation	O
of	O
pelvicaleceal	O
system	O
and	O
bi-basal	O
lung	O
consolidation	O
.	O
She	O
was	O
reviewed	O
by	O
urology	O
team	O
for	O
urosepsis	O
and	O
JJ	O
stent	O
was	O
place	O
to	O
relieve	O
the	O
obstruction	O
.	O
Frack	O
pus	O
and	O
old	O
blood	O
was	O
drained	B-GOAL
which	O
conﬁrmed	O
the	O
reason	O
of	O
shock	O
to	O
be	O
the	O
urosepsis	O
.	O
Urine	O
output	O
improved	O
but	O
she	O
still	O
needed	O
renal	O
replacement	O
therapy	B-GOAL
.	O
Fever	B-PI
improved	O
but	O
it	O
didn't	O
touch	O
the	O
baseline	O
.	O
Similarly	O
WCC	O
and	O
CRP	O
were	O
showing	O
a	O
decreasing	O
trend	O
.	O
On	O
6th	O
post	O
admission	O
day	O
patient	O
regained	O
consciousness	O
urine	O
output	O
improved	O
and	O
invasive	O
ventilatory	B-GOAL
support	O
was	O
withdrawn	O
.	O
She	O
was	O
transferred	O
out	O
of	O
intensive	O
care	O
unit	O
.	O
She	O
again	O
developed	O
high	O
grade	O
fever	B-PI
WCC	O
and	O
CRP	O
was	O
persistently	O
raised	O
.	O
Now	O
that	O
patient	O
was	O
conscious	O
and	O
oriented	O
she	O
started	O
complaining	O
of	O
left	O
shoulder	O
joint	O
pain	B-PI
associated	O
with	O
weakness	O
of	O
left	O
upper	O
limb	O
.	O
Orthopedics	O
team	O
was	O
asked	O
to	O
review	O
the	O
patient	O
.	O
On	O
initial	O
examination	B-GOAL
mild	O
joint	O
eﬀusion	O
was	O
suspected	O
and	O
turbid	O
blood	O
stained	O
ﬂuid	O
was	O
asB-pirated	O
.	O
Iatrogenic	O
skeletal	O
injury	B-PI
during	O
CPR	O
was	O
suspected	O
and	O
radiograph	B-IM
was	O
obtained	O
which	O
was	O
unremarkable	O
other	O
than	O
degenerative	O
changes	O
.	O
Magnetic	O
resonance	O
imaging	B-GOAL
scan	O
was	O
advised	O
to	O
rule	O
out	O
soft	O
tissue	O
pathology	O
.	O
MRI	B-GOAL
showed	O
large	O
effusion	B-PI
with	O
surrounding	O
tissue	O
edema	B-PI
bone	O
marrow	O
edema	B-PI
with	O
gas	O
formation	O
in	O
proximal	O
humerus	O
.	O
Based	O
on	O
these	O
ﬁndings	O
MRI	B-GOAL
suggested	O
the	O
diﬀerential	O
diagnoses	O
of	O
septic	O
arthritis	O
with	O
proximal	O
humerus	O
osteomyelitis	B-PI
gas	O
gangrene	O
and	O
sequelae	O
of	O
proximal	O
humeral	O
intraosseous	O
line	O
.	O
This	O
was	O
something	O
new	O
for	O
the	O
whole	O
team	O
.	O
All	O
notes	O
were	O
reviewed	O
again	O
but	O
there	O
was	O
no	O
mention	O
of	O
intraosseous	O
line	O
insertion	O
.	O
Resuscitation	O
team	O
was	O
contacted	O
and	O
inquired	O
about	O
the	O
intraosseous	O
line	O
and	O
they	O
conﬁrm	O
that	O
intraosseous	O
line	O
was	O
inserted	O
for	O
initial	O
resuscitation	O
and	O
it	O
was	O
removed	O
when	O
femoral	O
arterial	O
line	O
was	O
secured	O
but	O
they	O
forgot	O
to	O
mention	O
it	O
in	O
their	O
notes	O
.	O
Mystery	O
was	O
solved	O
.	O
Shoulder	O
joint	O
was	O
decompressed	O
and	O
washed	O
arthroscoB-pically	O
.	O
She	O
was	O
also	O
diagnosed	O
to	O
have	O
type	O
II	O
diabetes	O
mellitus	O
by	O
endocrinology	O
team	O
and	O
was	O
managed	O
accordingly	O
.	O
Rest	O
of	O
her	O
recovery	O
was	O
uneventful	O
.	O
She	O
was	O
booked	O
by	O
urologist	O
for	O
removal	B-GOAL
of	O
stone	O
at	O
a	O
later	O
stage	O
.	O
A	O
47-year-old	O
man	O
was	O
referred	O
to	O
our	O
emergency	O
department	O
after	O
experiencing	O
blunt	O
abdominal	O
trauma	B-PI
5	O
d	O
earlier	O
.	O
The	O
mechanism	O
of	O
injury	B-PI
was	O
a	O
blow	O
to	O
the	O
eB-pigastrium	O
caused	O
by	O
a	O
fall	O
.	O
His	O
vital	O
signs	O
included	O
a	O
blood	O
pressure	O
of	O
120/	O
70	O
mmHg	O
heart	O
rate	O
of	O
72	O
beats	O
per	O
min	O
body	O
temperature	O
of	O
37	O
0.2	O
°C	O
and	O
resB-piratory	O
rate	O
of	O
20	O
breaths	O
per	O
min	O
.	O
Laboratory	O
tests	O
revealed	O
a	O
white	O
blood	O
cell	O
count	O
of	O
21	O
	O310/mm3
mild	O
increases	O
in	O
serum	O
amylase/lipase	O
levels	O
(471/688	O
U/L)	O
and	O
a	O
C-reactive	O
protein	O
level	O
of	O
25	O
0.71	O
mg/dL	O
.	O
An	O
abdominal	O
CT	B-IM
scan	O
revealed	O
discontinuity	O
between	O
the	O
pancreas	O
head	O
and	O
neck	O
with	O
peripancreatic	O
ﬂuid	O
collection	O
.	O
The	O
patient	O
was	O
diagnosed	O
with	O
a	O
grade-III	O
pancreatic	O
injury	B-PI
.	O
His	O
hemodynamic	O
status	O
remained	O
stable	O
over	O
the	O
5	O
d	O
following	O
the	O
fall	O
.	O
First	O
we	O
performed	O
ERCP	B-IM
which	O
demonstrated	O
disruption	B-PI
of	O
the	O
main	O
pancreatic	O
duct	O
with	O
leakage	B-PI
at	O
the	O
neck	O
portion	O
of	O
the	O
pancreas	O
.	O
A	O
5-Fr	O
9-cm	O
endoscoB-pic	O
pancreatic	O
stent	O
was	O
inserted	O
into	O
the	O
pancreatic	O
duct	O
across	O
the	O
disrupted	O
portion	O
.	O
Next	O
a	O
percutaneous	O
drainage	B-GOAL
catheter	O
was	O
placed	O
at	O
the	O
site	O
of	O
peripancreatic	O
ﬂuid	O
collection	O
.	O
A	O
follow-up	O
CT	B-IM
scan	O
revealed	O
no	O
exacerbation	O
of	O
the	O
pancreatic	O
injury	B-PI
and	O
decreased	O
peripancreatic	O
ﬂuid	O
collection	O
volume	O
.	O
The	O
patient's	O
symptoms	O
improved	O
after	O
endoscoB-pic	O
treatment	B-GOAL
and	O
percutaneous	O
catheter	O
insertion	O
.	O
The	O
percutaneous	O
catheter	O
was	O
removed	O
on	O
hosB-pital	O
day	O
20	O
and	O
the	O
patient	O
was	O
discharged	O
on	O
hosB-pital	O
day	O
26	O
.	O
Four	O
months	O
after	O
discharge	O
follow-up	O
ERCP	B-IM
was	O
performed	O
and	O
revealed	O
no	O
leakage	B-PI
at	O
the	O
disruption	B-PI
site	O
but	O
stricture	O
around	O
the	O
leakage	B-PI
site	O
.	O
The	O
initial	O
stent	O
was	O
replaced	O
with	O
a	O
7-Fr	O
9-cm	O
endoscoB-pic	O
pancreatic	O
stent	O
to	O
dilate	O
the	O
stricture	O
site	O
.	O
ERCP	B-IM
was	O
performed	O
again	O
at	O
7	O
months	O
after	O
discharge	O
and	O
revealed	O
mild	O
stricture	O
of	O
the	O
leakage	B-PI
site	O
without	O
leakage	B-PI
.	O
Therefore	O
the	O
stent	O
was	O
removed	O
.	O
Another	O
4	O
months	O
later	O
the	O
patient	O
had	O
experienced	O
no	O
further	O
adverse	O
events	O
.	O
A	O
37-year-old	O
male	O
carpenter	O
presented	O
after	O
a	O
20-foot	O
fall	O
from	O
a	O
ladder	O
at	O
work	O
.	O
His	O
GCS	O
was	O
15	O
in	O
the	O
Trauma	B-PI
Bay	O
and	O
FAST	B-IM
exam	O
was	O
negative	O
.	O
Physical	O
exam	O
demonstrated	O
a	O
scalp	O
laceration	O
and	O
pain	B-PI
with	O
pelvic	O
compression	O
.	O
There	O
was	O
no	O
blood	O
at	O
the	O
urethral	O
meatus	O
and	O
no	O
scrotal	O
hematoma	B-PI
but	O
Foley	O
catheter	O
placement	O
yielded	O
gross	O
blood	O
.	O
Pelvis	O
x-ray	B-IM
showed	O
a	O
pelvic	O
ring	O
fracture	B-PI
and	O
CT	B-IM
scan	O
conﬁrmed	O
a	O
crescent	O
fracture	B-PI
of	O
the	O
left	O
ilium	O
with	O
left	O
superior	O
and	O
inferior	O
pubic	O
rami	O
fractures	B-PI
.	O
A	O
CT	B-IM
cystogram	B-IM
demonstrated	O
entrapment	O
of	O
the	O
bladder	O
in	O
the	O
left	O
superior	O
pubic	O
ramus	O
fracture	B-PI
with	O
no	O
contrast	O
extravasation	B-PI
and	O
residual	O
contrast	O
in	O
the	O
bladder	O
showed	O
the	O
entrapment	O
on	O
plain	O
ﬁlm	O
.	O
The	O
patient	O
was	O
taken	O
to	O
the	O
operating	O
room	O
the	O
next	O
day	O
for	O
open	O
reduction	B-GOAL
and	O
internal	O
ﬁxation	O
of	O
his	O
pelvis	O
fracture	B-PI
with	O
release	O
of	O
the	O
entrapped	O
bladder	O
.	O
After	O
careful	O
dissection	O
a	O
Cobb	O
elevator	O
was	O
used	O
to	O
pry	O
the	O
left	O
superior	O
pubic	O
ramus	O
fracture	B-PI
apart	O
and	O
the	O
bladder	O
was	O
teased	O
free	O
from	O
the	O
fracture	B-PI
site	O
.	O
A	O
tear	O
in	O
the	O
bladder	O
wall	O
extending	O
into	O
the	O
muscularis	O
layer	O
but	O
not	O
through	O
the	O
mucosa	O
was	O
repaired	B-GOAL
with	O
absorbable	O
sutures	O
in	O
a	O
mattress	O
pattern	O
.	O
The	O
fracture	B-PI
site	O
was	O
irrigated	O
and	O
ﬁxed	O
with	O
a	O
small	O
fragment	O
reconstruction	B-GOAL
plate	O
.	O
Percutaneous	O
ﬁxation	O
of	O
the	O
posterior	O
pelvic	O
ring	O
injury	B-PI
was	O
performed	O
with	O
a	O
sacroiliac	O
screw	O
.	O
The	O
patient	O
was	O
given	O
peri-operative	O
antibiotics	O
per	O
routine	O
and	O
discharged	O
with	O
the	O
Foley	O
in	O
place	O
for	O
two	O
weeks	O
toe-touch	O
weightbearing	O
on	O
the	O
aﬀected	O
extremity	O
.	O
Two	O
weeks	O
after	O
surgery	B-SurgicalProcedure
repeat	O
cystogram	B-IM
demonstrated	O
no	O
active	O
extravasation	B-PI
from	O
the	O
bladder	O
.	O
The	O
Foley	O
was	O
removed	O
and	O
the	O
patient	O
passed	O
a	O
voiding	O
trial	O
.	O
At	O
6-week	O
follow	O
up	O
his	O
fractures	B-PI
were	O
healing	O
well	O
and	O
he	O
had	O
no	O
urinary	O
symptoms	O
.	O
By	O
4	O
months	O
after	O
surgery	B-SurgicalProcedure
he	O
had	O
returned	O
to	O
work	O
and	O
has	O
experienced	O
no	O
complications	O
now	O
18	O
months	O
after	O
injury	B-PI
.	O
Isolated	O
gallbladder	O
injury	B-PI
secondary	O
to	O
a	O
blunt	O
abdominal	O
trauma	B-PI
is	O
a	O
rare	O
ﬁnding	O
in	O
children	O
.	O
The	O
presence	O
of	O
vague	O
symptoms	O
and	O
the	O
unknown	O
dynamic	O
of	O
the	O
trauma	B-PI
may	O
increase	O
the	O
diagnostic	O
challenge	O
especially	O
in	O
pediatrics	O
.	O
A	O
conservative	O
management	B-GOAL
has	O
been	O
proposed	O
in	O
some	O
particular	O
cases	O
in	O
adults	O
but	O
remains	O
controversial	O
in	O
children	O
.	O
We	O
report	O
a	O
case	O
of	O
a	O
5	O
year	O
old	O
boy	O
who	O
presented	O
an	O
isolated	O
gallbladder	O
lesion	B-PI
secondary	O
to	O
a	O
blunt	O
abdominal	O
trauma	B-PI
.	O
The	O
surgical	O
treatment	B-GOAL
was	O
delayed	O
for	O
non-medical	O
reasons	O
which	O
gave	O
us	O
the	O
possibility	O
to	O
try	O
a	O
conservative	O
approach	O
.	O
A	O
5	O
years	O
old	O
boy	O
with	O
unremarkable	O
previous	O
medical	O
history	O
was	O
transferred	O
to	O
our	O
center	O
from	O
another	O
hosB-pital	O
for	O
the	O
management	B-GOAL
of	O
a	O
blunt	O
abdominal	O
trauma	B-PI
.	O
He	O
was	O
the	O
victim	O
of	O
an	O
accidental	O
bicycle	O
crush	O
in	O
which	O
he	O
got	O
a	O
head	O
trauma	B-PI
and	O
the	O
handlebars	O
hit	O
his	O
eB-pigastrium	O
.	O
He	O
was	O
admitted	O
to	O
another	O
facility	O
2	O
days	O
before	O
admission	O
.	O
A	O
brain	O
CT	B-IM
scan	O
was	O
done	O
and	O
no	O
abnormalities	O
were	O
detected	O
.	O
Ultrasound	B-IM
of	O
the	O
abdomen	O
and	O
pelvis	O
showed	O
the	O
presence	O
of	O
free	O
peritoneal	O
ﬂuid	O
and	O
an	O
abdominal	O
CT	B-IM
scan	O
demonstrated	O
a	O
distended	B-PI
gallbladder	O
containing	O
low-density	O
material	O
of	O
mixed	O
signal	O
intensity	O
consistent	O
with	O
blood	O
between	O
the	O
internal	O
and	O
external	O
wall	O
.	O
A	O
laparotomy	B-SurgicalProcedure
was	O
proposed	O
.	O
The	O
parents	O
refused	O
to	O
give	O
consent	O
to	O
the	O
proposed	O
procedure	O
and	O
he	O
was	O
transferred	O
to	O
our	O
hosB-pital	O
for	O
further	O
management	B-GOAL
.	O
At	O
his	O
arrival	O
to	O
our	O
department	O
the	O
child	O
was	O
suffering	O
from	O
diffuse	O
abdominal	O
pain	B-PI
and	O
vomiting	B-PI
without	O
any	O
localized	O
tenderness	B-PI
on	O
physical	O
exam	O
or	O
abdominal	O
distention	O
.	O
He	O
was	O
having	O
normal	O
bowel	O
movement	O
was	O
hemodynamically	O
stable	O
and	O
afebrile	O
.	O
His	O
laboratory	O
tests	O
showed	O
the	O
absence	O
of	O
anemia	O
(Hb	O
12	O
0.1	O
g/dL	O
Hct	O
37%)	O
or	O
any	O
signiﬁcant	O
elevation	O
of	O
his	O
liver	O
and	O
pancreatic	O
function	O
tests	O
(ALT	O
47	O
U/L	O
AST	O
37	O
U/L	O
direct	O
bilirubin	O
0	O
0.4	O
mg/dL	O
indirect	O
bilirubin	O
0	O
0.9	O
mg/dL	O
amylase	O
34	O
U/L	O
lipase	O
9	O
U/L	O
ALP	O
135	O
U/L	O
GGT	O
16	O
U/L	O
normal	O
PT	O
and	O
PTT)	O
.	O
Amoxicillin/clavulanic	O
acid	O
(100	O
mg/kg/day)	O
was	O
started	O
IV	O
(WBC	O
16	O
.400/μL	O
N	O
86	O
.1%	O
L	O
4	O
.8%	O
M	O
8	O
.6%	O
E	O
0%	O
B	O
0	O
.3%	O
C	O
reactive	O
protein	O
15	O
mg/L	O
procalcitonin	O
1	O
0.21	O
ng/mL)	O
.	O
Repeat	O
abdominal	O
ultrasound	B-IM
and	O
CT	B-IM
scan	O
conﬁrmed	O
the	O
presence	O
of	O
a	O
dilated	B-PI
gallbladder	O
with	O
echogenic	O
sludge	O
and	O
a	O
peritoneal	O
ﬂuid	O
around	O
the	O
gallbladder	O
and	O
in	O
the	O
Douglas	O
space	O
.	O
MRI	B-GOAL
cholangiography	B-IM
showed	O
the	O
above	O
ﬁndings	O
without	O
apparent	O
perforation	O
of	O
the	O
gallbladder	O
.	O
To	O
rule	O
out	O
a	O
gallbladder	O
laceration	O
laparotomy	B-SurgicalProcedure
and	O
cholecystectomy	B-SurgicalProcedure
were	O
proposed	O
.	O
For	O
the	O
second	O
time	O
the	O
parents	O
refused	O
the	O
operation	O
.	O
Since	O
the	O
patient	O
was	O
clinically	O
stable	O
we	O
elected	O
to	O
observe	O
him	O
in	O
hosB-pital	O
.	O
On	O
day	O
6	O
post	O
trauma	B-PI
the	O
child	O
was	O
still	O
complaining	O
of	O
diffuse	O
abdominal	O
pain	B-PI
.	O
An	O
echo-guided	O
abdominal	O
needle	O
asB-piration	O
of	O
the	O
peritoneal	O
ﬂuid	O
showed	O
the	O
presence	O
of	O
bile	O
in	O
the	O
abdomen	O
which	O
conﬁrmed	O
the	O
susB-picion	O
of	O
gallbladder	O
perforation	O
.	O
Abdominal	O
laparotomy	B-SurgicalProcedure
was	O
performed	O
then	O
and	O
revealed	O
a	O
2	O
cm	O
perforation	O
of	O
the	O
posterior	O
wall	O
of	O
the	O
gallbladder	O
with	O
necrotic	O
edges	O
plugged	O
by	O
the	O
liver	O
.	O
A	O
cholecystectomy	B-SurgicalProcedure
in	O
addition	O
to	O
a	O
peritoneal	O
cavity	O
lavage	O
was	O
performed	O
.	O
He	O
was	O
discharged	O
on	O
day	O
3	O
post	O
surgery	B-SurgicalProcedure
without	O
complications	O
.	O
A	O
29	O
years	O
old	O
male	O
patient	O
presented	O
with	O
severe	O
abdominal	O
pain	B-PI
and	O
distention	O
as	O
a	O
result	O
of	O
blunt	O
abdominal	O
trauma	B-PI
sustained	O
in	O
a	O
motor	O
vehicle	O
accident	O
2	O
h	O
previously	O
.	O
At	O
presentation	O
the	O
patient	O
was	O
fully	O
conscious	O
normotensive	O
with	O
a	O
pulse	O
rate	O
of	O
112/min	O
.	O
The	O
haemoglobin	O
was	O
13	O
0.6	O
g/dL	O
.	O
Multiple	O
bruises	O
and	O
abrasions	B-PI
were	O
evident	O
over	O
the	O
anterior	O
chest	O
and	O
eB-pigastrium	O
.	O
The	O
abdomen	O
was	O
distended	B-PI
and	O
peritonitic	O
.	O
The	O
patient	O
was	O
also	O
tender	O
over	O
the	O
left	O
lower	O
anterior	O
chest	O
wall;	O
air	O
entry	O
was	O
normal	O
.	O
Radiological	O
investigations	O
revealed	O
a	O
pneumoperitoneum	O
and	O
fractures	B-PI
involving	O
ribs	O
10	O
11	O
and	O
12	O
along	O
the	O
left	O
anterior	O
chest	O
wall	O
.	O
At	O
laparotomy	B-SurgicalProcedure
serosanguinous	O
ﬂuid	O
with	O
undigested	O
food	O
particles	O
was	O
noted	O
.	O
A	O
full	O
thickness	O
anterior	O
gastric	O
perforation	O
measuring	O
5	O
cm	O
extended	O
proximally	O
from	O
the	O
pylorus	O
along	O
the	O
longitudinal	O
gastric	O
axis	O
(Fig	O
.	O
1)	O
.	O
This	O
was	O
classiﬁed	O
as	O
a	O
Grade	O
II	O
gastric	O
injury	B-PI
(Table	O
1)	O
[4]	O
.	O
Haematomas	O
were	O
noted	O
over	O
the	O
transverse	O
colon	O
jejunum	O
and	O
ileum	O
and	O
were	O
managed	O
conservatively	O
.	O
The	O
gastric	O
perforation	O
was	O
repaired	B-GOAL
in	O
a	O
standard	O
fashion	O
.	O
The	O
patient	O
made	O
an	O
unremarkable	O
and	O
was	O
discharged	O
on	O
the	O
7th	O
post-operative	O
day	O
.	O
The	O
patient	O
sustained	O
a	O
shrapnel	O
injury	B-PI
in	O
a	O
local	O
armed	O
conﬂict	O
in	O
Eastern	O
Ukraine	O
as	O
a	O
result	O
of	O
mortaring	O
120-mm	O
mines	O
.	O
First	O
aid	O
was	O
provided	O
in	O
a	O
military	O
ﬁeld	O
hosB-pital	O
.	O
The	O
patient's	O
condition	O
was	O
severe	O
at	O
admission	O
with	O
a	O
Glasgow	O
Coma	O
Scale	O
score	O
of	O
11	O
.	O
The	O
puB-pils	O
were	O
equal	O
and	O
reactive	O
to	O
light	O
.	O
The	O
patient	O
was	O
breathing	O
spontaneously	O
with	O
a	O
resB-piratory	O
rate	O
of	O
19	O
cycles/min	O
.	O
Vesicular	O
breathing	O
was	O
heard	O
in	O
the	O
upper	O
lung	O
ﬁeld	O
which	O
was	O
attenuated	O
at	O
the	O
left	O
lung	O
apex	O
.	O
Heart	O
sounds	O
were	O
rhythmical	O
and	O
muﬄed	O
.	O
The	O
patient	O
had	O
a	O
blood	O
pressure	O
of	O
80/60	O
mm	O
Hg	O
and	O
heart	O
rate	O
of	O
96	O
bpm	O
.	O
A	O
round-shaped	O
injury	B-PI
with	O
approximately	O
1-cm	O
diameter	O
with	O
irregular	O
edges	O
in	O
the	O
left	O
temporal	O
region	O
and	O
moderate	O
bleeding	O
was	O
found	O
.	O
Multiple	O
irregular-shaped	O
injuries	B-PI
with	O
0	O
.5-cm	O
to	O
2-cm	O
diameter	O
were	O
found	O
on	O
the	O
left	O
anterolateral	O
chest	O
surface	O
.	O
Aseptic	O
bandages	O
were	O
applied	B-GOAL
and	O
vital	O
functions	O
were	O
stabilised	B-GOAL
.	O
The	O
patient	O
was	O
transferred	O
to	O
a	O
regional	O
clinical	O
hosB-pital	O
by	O
helicopter	O
.	O
Brain	O
SCT	B-IM
showed	O
a	O
penetrating	B-PI
non-perforating	O
skull	O
and	O
brain	O
injury	B-PI
with	O
entrance	O
hole	O
in	O
the	O
squamous	O
part	O
of	O
the	O
left	O
temporal	O
bone	O
.	O
Areas	O
of	O
increased	O
density	O
of	O
brain	O
parenchyma	B-PI
were	O
seen	O
in	O
the	O
temporal	O
lobe	O
along	O
the	O
injury	B-PI
canal	O
represented	O
by	O
brain	O
contusion	B-PI
and	O
crush	O
injury	B-PI
foci	O
with	O
haemorrhages	O
(Fig	O
.	O
1)	O
.	O
Chest	O
SCT	B-IM
showed	O
reduced	O
volume	O
of	O
the	O
left	O
lung	O
.	O
Wedge-shaped	O
thickening	O
of	O
the	O
parenchyma	B-PI
of	O
the	O
superior	O
lobe	O
of	O
the	O
left	O
lung	O
with	O
a	O
wide	O
base	O
facing	O
pericostal	O
pleura	O
could	O
be	O
seen	O
(Fig	O
.	O
2)	O
.	O
The	O
patient	O
had	O
a	O
penetrating	B-PI
multifragmental	O
craniocerebral	O
injury	B-PI
with	O
three	O
foreign	B-PI
bodies	O
of	O
metallic	O
density	O
and	O
small	O
bone	O
fragments	O
in	O
temporal	O
lobe	O
parenchyma	B-PI
(left	O
side)	O
and	O
focal	O
temporal	O
lobe	O
contusions	B-PI
and	O
intracerebral	O
haematomas	O
(left	O
side)	O
.	O
Penetrating	B-PI
heart	O
injury	B-PI
with	O
a	O
foreign	B-PI
body	O
in	O
the	O
myocardium	O
left	O
lung	O
contusion	B-PI
and	O
left-sided	O
haemopneumothorax	B-PI
were	O
found	O
.	O
Left	O
thoracotomy	B-SurgicalProcedure
was	O
initially	O
performed	O
after	O
the	O
SCT	B-IM
and	O
diagnosis	O
.	O
Left	O
ventricle	O
injury	B-PI
was	O
sutured	O
.	O
The	O
superior	O
lobe	O
of	O
the	O
left	O
lung	O
was	O
subjected	O
to	O
atyB-pical	O
resection	O
.	O
The	O
pleural	O
cavity	O
was	O
drained	B-GOAL
.	O
During	O
the	O
surgery	B-SurgicalProcedure
a	O
penetrating	B-PI
injury	B-PI
was	O
detected	O
on	O
the	O
posterolateral	O
wall	O
of	O
the	O
left	O
ventricle	O
with	O
a	O
5	O
×	O
5-mm	O
hole	O
.	O
The	O
hole	O
was	O
sewn	O
with	O
a	O
U-shaped	O
seam	O
on	O
a	O
Teﬂon	O
gasket	O
.	O
The	O
latter	O
was	O
resected	O
instrumentally	O
considering	O
the	O
perforated	O
injury	B-PI
canal	O
with	O
a	O
haematoma	O
in	O
the	O
V	O
lung	O
segment	O
.	O
No	O
metal	O
fragment	O
was	O
found	O
in	O
the	O
pericardium	O
or	O
pleural	O
cavity	O
during	O
the	O
surgery	B-SurgicalProcedure
.	O
Surgical	O
treatment	B-GOAL
of	O
penetrating	B-PI
gunshot	O
craniocerebral	O
injury	B-PI
was	O
performed	O
after	O
vital	O
function	O
stabilisation	O
.	O
Intracerebral	O
left	O
temporal	O
lobe	O
haematoma	O
one	O
metal	O
fragment	O
and	O
small	O
bone	O
fragments	O
were	O
removed	O
.	O
Damage	O
to	O
the	O
MCA	O
branches	O
and	O
intensive	O
bleeding	O
from	O
the	O
left	O
MCA	O
branches	O
were	O
detected	O
.	O
Temporary	O
MCA	O
clipB-ping	O
and	O
haemostasis	O
were	O
performed	O
using	O
bipolar	O
coagulation	O
and	O
Surgicel	O
.	O
No	O
bleeding	O
was	O
noted	O
after	O
temporary	O
clip	O
removal	B-GOAL
.	O
The	O
left	O
temporal	O
and	O
frontal	O
bones	O
(less	O
than	O
9	O
×	O
10	O
cm)	O
were	O
resected	O
and	O
duraplasty	O
was	O
performed	O
using	O
autogenous	O
tissues	O
.	O
The	O
following	O
day	O
after	O
the	O
surgery	B-SurgicalProcedure
the	O
follow-up	O
brain	O
SCT	B-IM
showed	O
brain	O
matter	O
prolapse	B-PI
to	O
the	O
craniotomy	B-SurgicalProcedure
bone	O
defect	O
air	O
along	O
the	O
injury	B-PI
channel	O
and	O
two	O
foreign	B-PI
bodies	O
of	O
metallic	O
density	O
at	O
the	O
end	O
of	O
the	O
injury	B-PI
channel	O
(Fig	O
.	O
3)	O
.	O
A	O
follow-up	O
echocardiography	B-IM
showed	O
a	O
foreign	B-PI
body	O
(projectile	O
fragment)	O
penetrating	B-PI
into	O
the	O
depth	O
of	O
the	O
left	O
ventricle	O
wall	O
(basal	O
areas	O
under	O
the	O
base	O
of	O
posterior	O
mitral	O
leaﬂet)	O
without	O
traumatic	O
damage	O
to	O
mitral	O
leaﬂet	O
structures	O
.	O
Myocardial	O
contractility	O
was	O
preserved	O
(Fig	O
.	O
4)	O
.	O
A	O
follow-up	O
electrocardiography	B-IM
showed	O
subendocardial	O
hypoxia	B-PI
and	O
microfocal	O
myocardial	O
changes	O
.	O
Due	O
to	O
the	O
changes	O
revealed	O
by	O
electrocardiogram	B-IM
and	O
echocardiography	B-IM
the	O
patient	O
was	O
transported	O
to	O
Amosov	O
National	O
Institute	O
of	O
Cardiovascular	O
Surgery	B-SurgicalProcedure
Kyiv	O
Ukraine	O
for	O
further	O
treatment	B-GOAL
.	O
The	O
patient	O
underwent	O
surgery	B-SurgicalProcedure
to	O
remove	O
the	O
foreign	B-PI
body	O
from	O
the	O
left	O
ventricle's	O
myocardium	O
.	O
Sternotomy	B-SurgicalProcedure
was	O
performed	O
during	O
the	O
surgery	B-SurgicalProcedure
and	O
the	O
pericardium	O
was	O
opened	O
.	O
A	O
CPB	O
pump	O
was	O
connected	O
.	O
Right	O
and	O
partial	O
left	O
atriotomies	B-SurgicalProcedure
were	O
performed	O
.	O
A	O
metal	O
fragment	O
was	O
found	O
and	O
removed	O
from	O
under	O
the	O
posterior	O
wall	O
of	O
the	O
left	O
ventricle	O
.	O
The	O
left	O
ventricle	O
cavity	O
was	O
revised	O
.	O
Air	O
embolism	O
was	O
prevented	O
and	O
the	O
cardiac	O
chambers	O
were	O
sealed	O
.	O
Subsequently	O
heart	O
function	O
was	O
restored	O
.	O
Haemostasis	O
was	O
performed	O
.	O
The	O
pericardium	O
and	O
anterior	O
mediastinum	O
were	O
drained	B-GOAL
.	O
No	O
complications	O
were	O
detected	O
in	O
the	O
postoperative	O
period	O
.	O
The	O
patient	O
was	O
transported	O
to	O
a	O
military	O
hosB-pital	O
for	O
further	O
rehabilitation	O
after	O
8	O
days	O
.	O
A	O
follow-up	O
brain	O
SCT	B-IM
was	O
performed	O
3	O
months	O
after	O
the	O
injury	B-PI
.	O
In	O
a	O
non-contrast	O
study	O
a	O
1	O
0.5	O
×	O
1-cm	O
hyperdense	B-PI
focus	O
was	O
found	O
in	O
the	O
left	O
temporal	O
lobe	O
in	O
the	O
burr	O
hole	O
.	O
Given	O
the	O
shape	O
location	O
and	O
connection	O
with	O
the	O
MCA	O
a	O
pseudoaneurysm	B-PI
of	O
the	O
M2	O
segment	O
of	O
the	O
left	O
MCA	O
was	O
suspected	O
(Fig	O
.	O
5)	O
.	O
Selective	O
cerebral	O
angiography	B-IM
conﬁrmed	O
dissectional	O
aneurysm	B-PI
of	O
the	O
M2	O
segment	O
of	O
the	O
left	O
MCA	O
with	O
three	O
MCA	O
branches	O
outgoing	O
from	O
the	O
aneurysm	B-PI
to	O
the	O
temporal	O
lobe	O
gross	O
stenosis	O
of	O
M2	O
segment	O
before	O
the	O
aneurysm	B-PI
(Fig	O
.	O
6)	O
.	O
The	O
patient	O
underwent	O
X-ray	B-IM
endovascular	O
deconstructive	O
exclusion	O
of	O
dissected	O
M2	O
aneurysm	B-PI
(temporal	O
branch	O
of	O
the	O
left	O
MCA)	O
with	O
detachable	O
microcoils	O
.	O
During	O
temporary	O
M2	O
segment	O
occlusion	O
the	O
MCA	O
branches	O
supplying	O
the	O
left	O
temporal	O
lobe	O
were	O
retrogradely	O
contrasted	O
from	O
the	O
vertebral	O
artery	O
through	O
cortical	O
collaterals	O
.	O
The	O
MCA	O
branch	O
supplying	O
the	O
superior	O
sections	O
of	O
the	O
left	O
temporal	O
lobe	O
was	O
retrogradely	O
contrasted	O
from	O
the	O
left	O
internal	O
carotid	O
artery	O
through	O
collaterals	O
from	O
the	O
parietal	O
MCA	O
branches	O
.	O
The	O
patient	O
underwent	O
MoCA	O
with	O
a	O
4-min	O
interval	O
.	O
The	O
results	O
were	O
not	O
worse	O
than	O
those	O
during	O
the	O
preoperative	O
tests	O
.	O
Endovascular	O
stationary	O
aneurysm	B-PI
occlusion	O
was	O
performed	O
with	O
aneurysm-bearing	B-PI
M2	O
branch	O
of	O
the	O
left	O
MCA	O
.	O
Detachable	O
microcoils	O
GDC	O
Ultrasoft	O
2	O
mm	O
×	O
6	O
cm	O
and	O
MicroPlex	O
Helical-Soft	O
2	O
mm	O
×	O
68	O
cm	O
were	O
placed	O
in	O
this	O
branch	O
.	O
In	O
follow-up	O
angiographic	B-IM
studies	O
the	O
aneurysm	B-PI
was	O
not	O
contrasted;	O
the	O
arteries	O
contrasting	O
the	O
left	O
temporal	O
lobe	O
were	O
retrogradely	O
contrasted	O
through	O
cortical	O
collaterals	O
from	O
the	O
vertebrobasilar	O
system	O
and	O
parietal	O
left	O
MCA	O
branches	O
.	O
Postoperative	O
follow-up	O
MoCA	O
showed	O
that	O
the	O
outcome	O
did	O
not	O
deteriorate	B-PI
(Fig	O
.	O
7)	O
.	O
No	O
data	O
were	O
found	O
conﬁrming	O
the	O
functioning	O
saccular	O
aneurysm	B-PI
during	O
follow-up	O
selective	O
cerebral	O
angiography	B-IM
3	O
months	O
after	O
X-ray	B-IM
endovascular	O
occlusion	O
.	O
Blood	O
ﬂow	O
to	O
all	O
MCA	O
branches	O
was	O
restored	O
retrogradely	O
through	O
available	O
cortical	O
collaterals	O
except	O
for	O
embolised	O
M2	O
with	O
the	O
aneurysm	B-PI
(Fig	O
.	O
8)	O
.	O
After	O
follow-up	O
angiography	B-IM
plastic	O
surgery	B-SurgicalProcedure
was	O
performed	O
for	O
extensive	O
defect	O
of	O
left	O
temporal	O
and	O
frontal	O
bones	O
by	O
using	O
a	O
custom	O
titanium	O
plate	O
based	O
on	O
stereolithographic	O
3D	O
model	O
.	O
The	O
patient	O
was	O
discharged	O
postoperatively	O
for	O
further	O
out-patient	O
treatment	B-GOAL
under	O
the	O
neuropathologist's	O
supervision	O
.	O
A	O
51-year-old	O
male	O
presented	O
to	O
the	O
emergency	O
department	O
4	O
h	O
after	O
falling	O
oﬀ	O
a	O
pushbike	O
onto	O
his	O
right	O
side	O
at	O
20	O
km/h	O
.	O
He	O
presented	O
to	O
hosB-pital	O
after	O
initially	O
returning	O
home	O
for	O
a	O
brief	O
period	O
where	O
he	O
reported	O
symptoms	O
of	O
dizziness	B-PI
and	O
nausea	B-PI
and	O
noticed	O
increased	O
swelling	B-PI
to	O
of	O
right	O
side	O
of	O
his	O
abdomen	O
.	O
Primary	O
assessment	O
was	O
signiﬁcant	O
for	O
blood	O
pressure	O
of	O
75/48	O
mmHg	O
(heart	O
rate	O
86	O
bpm)	O
which	O
improved	O
to	O
105/67	O
with	O
1	O
L	O
intravenous	O
0	O
.9%	O
saline	O
.	O
Focused	O
abdominal	O
ultrasound	B-IM
showed	O
free	O
ﬂuid	O
in	O
right	O
upper	O
quadrant	O
.	O
Secondary	O
survey	O
identiﬁed	O
right	O
chest	O
wall	O
tenderness	B-PI
right	O
upper	O
quadrant	O
tenderness	B-PI
and	O
distension	B-PI
and	O
grazes	O
on	O
the	O
abdomen	O
.	O
He	O
proceeded	O
to	O
contrast	O
enhanced	O
computer	O
tomography	O
(CT)	B-IM
that	O
demonstrated	O
haemoperitoneum	O
grade	O
II	O
splenic	O
laceration	O
[2]	O
right	O
sixth	O
to	O
eighth	O
rib	O
fractures	B-PI
and	O
right	O
transverse	O
process	O
fracture	B-PI
of	O
the	O
ﬁrst	O
lumbar	O
vertebra	O
(Fig	O
.	O
1)	O
.	O
The	O
patient	O
underwent	O
an	O
emergency	O
trauma	B-PI
laparotomy	B-SurgicalProcedure
that	O
revealed	O
one	O
litre	O
haemoperitoneum	O
perforated	O
gallbladder	O
with	O
free	O
gallbladder	O
calculi	O
grade	O
I	O
duodenal	O
haematoma	O
and	O
a	O
grade	O
II	O
splenic	O
laceration	O
.	O
The	O
bleeding	O
was	O
from	O
the	O
gallbladder	O
mucosa	O
and	O
peritoneal	O
covering;	O
the	O
duodenal	O
and	O
splenic	O
injuries	B-PI
were	O
not	O
bleeding	O
.	O
His	O
gallbladder	O
was	O
resected	O
(Fig	O
.	O
2)	O
and	O
calculi	O
retrieved	O
.	O
His	O
gallbladder	O
appeared	O
ﬁbrosed	O
as	O
conﬁrmed	O
on	O
histopathology	O
that	O
showed	O
ﬁbrosis	O
.	O
The	O
duodenum	O
and	O
spleen	O
were	O
managed	O
conservatively	O
.	O
He	O
had	O
an	O
uncomplicated	O
recovery	O
post-operatively	O
with	O
conservative	O
management	B-GOAL
of	O
the	O
rib	O
and	O
vertebral	O
fractures	B-PI
and	O
was	O
discharged	O
home	O
seven	O
days	O
later	O
.	O
A	O
20-year-old	O
male	O
came	O
to	O
emergency	O
room	O
of	O
our	O
hosB-pital	O
with	O
a	O
history	O
of	O
an	O
accidental	O
multiorgan	O
electrocution	O
injury	B-PI
while	O
passing	O
across	O
the	O
road	O
.	O
According	O
to	O
the	O
statements	O
of	O
eyewitness	O
accidentally	O
he	O
was	O
contacted	O
with	O
a	O
blasted	O
high-voltage	O
electrical	O
transformer	O
while	O
he	O
was	O
passing	O
across	O
the	O
road	O
lost	O
his	O
consciousness	O
felt	O
on	O
ground	O
and	O
immediately	O
immediately	O
admitted	O
in	O
hosB-pital	O
.	O
After	O
shifting	O
to	O
ICU	O
his	O
consciousness	O
returned	O
to	O
normal	O
level	O
pulse	O
rate	O
was	O
88	O
beats/min	O
blood	O
pressure	O
was	O
90/60	O
mmHg	O
temperature	O
was	O
99	O
°F	O
Glasgow	O
coma	O
scale	O
(GCS)	O
score	O
was	O
E3	O
V5	O
M6	O
and	O
SpO2	O
was	O
94%	O
with	O
2	O
L	O
of	O
supplemental	O
oxygen	O
.	O
There	O
was	O
no	O
sign	O
of	O
burn	O
.	O
Entry	O
and	O
exit	O
point	O
of	O
electrocution	O
in	O
the	O
body	O
was	O
absent	O
.	O
He	O
complained	O
his	O
neck	O
pain	B-PI
and	O
his	O
neck	O
movement	O
was	O
restricted	B-PI
in	O
all	O
directions	O
.	O
No	O
focal	O
neurological	O
deﬁcit	O
was	O
found	O
.	O
Computed	O
tomography	O
(CT)	B-IM
scan	O
of	O
cervical	O
vertebrae	O
revealed	O
two	O
fractures	B-PI
(one	O
fracture	B-PI
in	O
the	O
anterior	O
arch	O
and	O
another	O
fracture	B-PI
in	O
the	O
posterior	O
arch)	O
in	O
the	O
arches	O
of	O
atlas	O
also	O
called	O
ﬁrst	O
cervical	O
vertebrae	O
(C1)	O
(Fig	O
.	O
1)	O
.	O
CT	B-IM
scan	O
of	O
brain	O
showed	O
right	O
cerebellar	O
hemorrhage	B-PI
(Fig	O
.	O
2)	O
.	O
Immobilization	O
of	O
neck	O
was	O
done	O
with	O
Philadelphia	O
collar	O
.	O
CT	B-IM
scan	O
of	O
chest	O
revealed	O
focal	O
consolidation	O
with	O
pulmonary	O
inﬁltrates	O
in	O
both	O
lungs	O
(Fig	O
.	O
3)	O
.	O
His	O
troponin	O
I	O
was	O
1	O
0.12	O
ng/mL	O
and	O
echo	O
cardiogram	O
showed	O
no	O
regional	O
wall	O
motion	O
abnormality	O
and	O
ejection	O
fraction	O
was	O
55%	O
.	O
After	O
three	O
days	O
of	O
treatment	B-GOAL
in	O
ICU	O
his	O
physical	O
conditions	O
improved	O
and	O
discharged	O
to	O
home	O
with	O
Philadelphia	O
collar	O
and	O
after	O
6	O
weeks	O
his	O
fractures	B-PI
in	O
C1	O
were	O
completely	O
healed	O
.	O
